Count,Outs,Pitcher,Batter,Type,PitchResult,Vel,Spin,ExitVel,LaunchAng,pCallStrk%
1-2,1,T. Weston (CP),J. Sundstrom (UCSB),Changeup,Single on a Line Drive,77.9,1752,87.3,19.3,14.50%
0-2,2,T. Weston (CP),A. Parker (UCSB),Changeup,Double on a Line Drive,76.5,1732.2,98.7,14.8,25.00%
1-2,2,T. Weston (CP),Z. Darby (UCSB),Sinker,Ground Out,85.5,2327.3,100.2,-15.5,96.90%
2-2,0,T. Weston (CP),C. Kirtley (UCSB),Changeup,Fly Out,84.3,2284.2,101.7,32.7,25.80%
0-0,0,T. Weston (CP),N. Oakley (UCSB),Changeup,Single on a Ground Ball,78.3,2383.5,86.2,-28.3,97.40%
1-0,0,T. Weston (CP),L. Mccollum (UCSB),Changeup,Single on a Line Drive,78.1,2449.2,75.2,20.8,97.20%
3-2,0,T. Weston (CP),J. Sundstrom (UCSB),Changeup,Pop Out,78,1755.4,71,56.6,65.60%
0-2,1,T. Weston (CP),A. Parker (UCSB),Slider,Pop Out,80.2,2440.6,78.1,64.8,66.40%
1-1,2,T. Weston (CP),Z. Darby (UCSB),Changeup,Single on a Line Drive,78.1,1780.4,90.2,18.1,81.70%
0-2,1,J. Wright (CP),A. Parker (UCSB),Fastball,Hit By Pitch,91.4,2693.2,47.3,16.9,0.00%
0-0,2,J. Wright (CP),C. Kirtley (UCSB),Fastball,Single on a Line Drive,91.1,2698.6,98.4,6.2,97.50%
3-2,0,J. Wright (CP),C. Nunez (UCSB),Fastball,Ground Out,90.6,2695.5,92.2,-14.1,98.20%
3-1,0,J. Wright (CP),J. Sundstrom (UCSB),Fastball,Ground Out,89.1,2614.8,100.3,-4,96.30%
1-1,1,J. Wright (CP),C. Nunez (UCSB),Cutter,Single on a Line Drive,88.3,2577.4,100.9,11.4,97.10%
3-2,2,K. Scott (CP),A. Parker (UCSB),Curveball,Home Run on a 401.53 ft Fly Ball,80.7,2209.4,97,29.5,97.50%
1-1,2,K. Scott (CP),Z. Darby (UCSB),Curveball,Ground Out,81.6,2447.7,86.3,-23.4,34.30%
3-2,1,S. Brooks (CP),Z. Darby (UCSB),Fastball,Home Run on a 412.65 ft Fly Ball,90.9,2106.7,93.9,34.4,42.00%
1-2,1,S. Brooks (CP),J. Sundstrom (UCSB),Cutter,Fly Out,86.3,2400.7,87.2,59.7,95.50%
0-0,0,S. Brooks (CP),B. Mortensen (UCSB),Fastball,Ground Out,89,2237.6,86.7,-0.1,92.30%
0-1,1,S. Brooks (CP),J. Newman jr. (UCSB),Fastball,Single on a Line Drive,89.2,2272.4,75,11.6,88.30%
2-2,1,S. Brooks (CP),L. Mccollum (UCSB),Sinker,Ground Out,90,2169.1,86.7,-21.9,97.40%
1-1,2,S. Brooks (CP),N. Oakley (UCSB),Fastball,Single on a Ground Ball,88.2,2314.8,89.6,1,96.20%
1-2,2,S. Brooks (CP),C. Nunez (UCSB),Fastball,Single on a Line Drive,87,2357.8,98.8,9.9,95.30%
0-0,2,S. Brooks (CP),C. Kirtley (UCSB),Fastball,Fielder's Choice,87.5,2420.9,86.7,-20.7,98.80%
2-0,0,S. Brooks (CP),Z. Darby (UCSB),Cutter,Fly Out,86.2,2345.2,98.9,39.3,79.40%
1-0,2,S. Brooks (CP),I. Brethowr (UCSB),Cutter,Ground Out,86.1,2330.3,65.8,-30.2,98.40%
1-2,0,S. Brooks (CP),B. Mortensen (UCSB),Changeup,Home Run on a 412.45 ft Fly Ball,83,1236.1,103.6,27,94.30%
3-2,1,S. Brooks (CP),L. Mccollum (UCSB),Fastball,Ground Out,90.9,2278.6,86.8,-10,92.50%
3-1,0,S. Brooks (CP),C. Nunez (UCSB),Sinker,Ground Out,88.3,2188.1,75.3,-1.7,39.00%
3-2,1,S. Brooks (CP),C. Kirtley (UCSB),Fastball,Single on a Line Drive,90.1,2218.5,103.8,16.8,77.50%
2-1,1,R. Baum (CP),Z. Darby (UCSB),Fastball,Pop Out,88.5,2023.4,84,67.8,95.60%
1-0,2,R. Baum (CP),J. Sundstrom (UCSB),Curveball,Ground Out,78.2,2022.1,97,-11.1,97.80%
0-1,1,R. Baum (CP),N. Oakley (UCSB),Fastball,Fly Out,88.4,2108.8,102.9,54.6,95.90%
1-0,1,R. Baum (CP),Z. Darby (UCSB),Sinker,Single on a Ground Ball,88.6,2072.5,70,-14.3,97.40%
1-0,1,R. Baum (CP),J. Sundstrom (UCSB),Changeup,Fielder's Choice,80.7,1592.9,112.7,-26.4,89.00%
3-2,1,B. Warrecker (CP),Z. Darby (UCSB),Fastball,Ground Out,90.8,2246,97.3,5,96.40%
2-1,2,B. Warrecker (CP),J. Sundstrom (UCSB),Slider,Double on a Line Drive,83.8,2390.8,109.7,18.6,98.50%
0-1,1,B. Warrecker (CP),A. Parker (UCSB),Sinker,Double on a Ground Ball,89.2,2211,92.7,-5.7,89.30%
0-0,1,B. Warrecker (CP),L. Mccollum (UCSB),Sinker,Hit By Pitch,89.5,2073.3,15.6,0,0.00%
2-0,2,B. Warrecker (CP),N. Oakley (UCSB),Fastball,Fly Out,90,2286.9,95.3,58.6,23.10%
3-1,0,B. Warrecker (CP),C. Kirtley (UCSB),Sinker,Pop Out,89.2,2228,91.9,68.2,94.10%
0-1,0,B. Warrecker (CP),I. Brethowr (UCSB),Changeup,Home Run on a 410.94 ft Fly Ball,86.9,2034.7,102.2,26.3,36.10%
1-0,1,B. Warrecker (CP),A. Parker (UCSB),Slider,Ground Out,82.1,2351.5,95.8,-0.6,94.90%
2-1,0,B. Warrecker (CP),C. Nunez (UCSB),Sinker,Fly Out,88.5,2282.2,88.2,40.6,93.90%
0-0,1,B. Warrecker (CP),N. Oakley (UCSB),Sinker,Home Run on a 404.27 ft Fly Ball,87.1,2254.9,103.2,35.9,30.50%
2-2,1,B. Warrecker (CP),C. Kirtley (UCSB),Changeup,Pop Out,81.7,2061.3,88.3,72.7,69.40%
2-0,0,B. Warrecker (CP),I. Brethowr (UCSB),Slider,Single on a Ground Ball,81.5,2379.7,102.4,2.4,94.00%
1-0,0,B. Warrecker (CP),B. Mortensen (UCSB),Changeup,Fly Out,77.8,2119.7,86.3,31.8,97.70%
0-0,0,B. Warrecker (CP),L. Mccollum (UCSB),Sinker,Single on a Line Drive,87.4,2006.1,83,14.3,88.30%
2-1,1,C. Lopiccolo (CP),N. Oakley (UCSB),Curveball,Fielder's Choice,79.8,2374.3,85.9,-25.6,97.50%
2-2,2,C. Lopiccolo (CP),C. Kirtley (UCSB),Curveball,Fly Out,80.4,2439.1,94.5,29.6,86.00%
1-0,0,C. Lopiccolo (CP),Z. Darby (UCSB),Curveball,Single on a Line Drive,79.6,2501.6,106,5.8,92.50%
1-1,0,C. Lopiccolo (CP),J. Sundstrom (UCSB),Curveball,Double on a Line Drive,79.5,2510.6,106.5,11.7,95.40%
2-1,0,C. Lopiccolo (CP),I. Brethowr (UCSB),Curveball,Double on a Line Drive,79.8,2513.5,102.9,18.7,98.40%
2-1,1,C. Lopiccolo (CP),A. Parker (UCSB),Curveball,Fielder's Choice,79.2,2487.8,102.2,-1.6,98.60%
0-1,2,C. Lopiccolo (CP),L. Mccollum (UCSB),Curveball,Single on a Ground Ball,79.3,2527.6,94.5,-0.3,97.00%
2-2,2,C. Lopiccolo (CP),N. Oakley (UCSB),Fastball,Double on a Line Drive,90.5,2220.3,100.1,14,53.60%
1-1,2,C. Lopiccolo (CP),C. Kirtley (UCSB),Curveball,Fly Out,78.3,2483.3,94.2,35.5,21.20%
0-0,1,R. Kittredge (CBU),Z. Darby (UCSB),Slider,Bunt Ground Out,83.4,2236.5,40.1,-58.5,48.30%
0-0,2,R. Kittredge (CBU),J. Sundstrom (UCSB),Sinker,Double on a Line Drive,88.4,2082,100.6,15.8,98.40%
2-2,0,R. Kittredge (CBU),J. Newman jr. (UCSB),Slider,Fly Out,81.6,2253.4,102.5,32.1,97.80%
1-0,2,R. Kittredge (CBU),J. Trimble (UCSB),Sinker,Fielder's Choice,89.1,2176.4,83.6,-4.2,19.20%
1-2,0,R. Kittredge (CBU),C. Nunez (UCSB),Slider,Fly Out,82.3,2261.4,95,22.1,91.90%
1-0,1,R. Kittredge (CBU),C. Kirtley (UCSB),Sinker,Fly Out,88.6,2028.9,101.4,27.7,83.10%
2-2,2,R. Kittredge (CBU),Z. Darby (UCSB),Changeup,Reached on Error on a Ground Ball,80.5,1829.7,73.3,-1.4,95.60%
1-0,0,R. Kittredge (CBU),J. Sundstrom (UCSB),Sinker,Reached on Error on a Line Drive,87.6,2103.4,78.5,6.9,87.90%
2-2,0,R. Kittredge (CBU),I. Brethowr (UCSB),Sinker,Double on a Ground Ball,87.2,2045.7,96.8,2.5,69.40%
1-1,1,R. Kittredge (CBU),L. Mccollum (UCSB),Fastball,Single on a Line Drive,88.4,2157.2,106.2,9.9,97.50%
0-0,1,R. Kittredge (CBU),A. Parker (UCSB),Slider,Double Play,81.2,2264.6,79.7,9.8,71.40%
1-0,0,A. Necochea (CBU),J. Trimble (UCSB),Sinker,Single on a Line Drive,93.4,2083.6,108.3,15.5,99.40%
0-1,1,A. Necochea (CBU),C. Kirtley (UCSB),Sinker,Reached on Error on a Ground Ball,93.5,2121.4,96.7,-20.7,94.20%
1-2,1,S. Mattox (CBU),J. Sundstrom (UCSB),Sinker,Home Run on a Fly Ball,87.6,2074.8,97.3,26.3,95.80%
1-2,1,S. Mattox (CBU),I. Brethowr (UCSB),Slider,Pop Out,77.6,2953.2,84.3,50.5,91.40%
1-0,0,S. Mattox (CBU),C. Kirtley (UCSB),Curveball,Fly Out,74.7,2839.7,95.4,29.2,93.60%
3-1,1,S. Mattox (CBU),J. Sundstrom (UCSB),Changeup,Fly Out,86.8,2004.5,100.1,29.3,98.50%
3-1,2,S. Mattox (CBU),I. Brethowr (UCSB),Curveball,Fly Out,77.5,2861.7,95.4,20.4,64.60%
0-0,0,S. Mattox (CBU),L. Mccollum (UCSB),Sinker,Sac Bunt,87.8,2051.7,35.6,-45.7,59.50%
1-2,2,S. Mattox (CBU),C. Nunez (UCSB),Curveball,Fly Out,76,2862.7,89.2,21.8,20.40%
0-1,1,S. Bengard (CBU),Z. Darby (UCSB),Changeup,Single on a Ground Ball,85.5,1809.7,86.5,-10.2,94.50%
2-2,2,B. Downer (CBU),C. Nunez (UCSB),Fastball,Single on a Line Drive,94,2292,87.4,16.1,96.70%
0-0,0,J. Rons (LBSU),C. Kirtley (UCSB),Fastball,Fly Out,91.1,2248.9,101,35.5,96.90%
1-0,2,J. Rons (LBSU),Z. Darby (UCSB),Fastball,Single on a Ground Ball,89.5,2260,104.9,0.7,97.60%
2-2,2,J. Rons (LBSU),J. Newman jr. (UCSB),Fastball,Single on a Ground Ball,89.9,2226.6,100.9,4.9,95.80%
2-1,2,J. Rons (LBSU),L. Mccollum (UCSB),Slider,Ground Out,81.8,2264,61.6,-0.9,98.10%
3-2,0,J. Rons (LBSU),J. Trimble (UCSB),Fastball,Pop Out,90.1,2331.9,97.7,60.4,96.70%
3-2,1,J. Rons (LBSU),C. Nunez (UCSB),Fastball,Fly Out,90.1,2201,92.9,29.1,97.40%
2-1,2,J. Rons (LBSU),C. Kirtley (UCSB),Slider,Fly Out,81.1,2438.9,84.3,33.8,96.80%
1-0,0,J. Rons (LBSU),J. Sundstrom (UCSB),Sinker,Ground Out,89.3,2265.5,37.1,-42.2,73.20%
0-1,1,J. Rons (LBSU),B. Mortensen (UCSB),Changeup,Fly Out,82.6,1729.1,102,21.1,95.60%
3-2,2,J. Rons (LBSU),I. Brethowr (UCSB),Fastball,Ground Out,90.1,2121.5,80.4,-26.8,94.40%
3-1,0,J. Rons (LBSU),Z. Darby (UCSB),Fastball,Ground Out,90,2272.3,53.5,-15,88.00%
0-0,1,J. Rons (LBSU),L. Mccollum (UCSB),Sinker,Single on a Line Drive,90.5,2096.8,101.1,10.2,73.20%
0-0,1,K. Montgomery (LBSU),C. Nunez (UCSB),Slider,Fly Out,81.4,2572.8,86.4,59.8,93.70%
2-2,0,K. Montgomery (LBSU),J. Sundstrom (UCSB),Slider,Ground Out,78.9,2424,57.1,-23.7,71.40%
2-0,2,K. Montgomery (LBSU),I. Brethowr (UCSB),Slider,Ground Out,81.2,2454.8,108.4,3,95.60%
0-0,0,K. Montgomery (LBSU),Z. Darby (UCSB),Fastball,Single on a Line Drive,86.1,2233,100.9,13.5,96.40%
3-2,1,K. Montgomery (LBSU),J. Trimble (UCSB),Changeup,Fly Out,85.6,2189.8,102.4,48.3,10.40%
3-1,2,K. Montgomery (LBSU),C. Nunez (UCSB),Fastball,Fly Out,85.2,2100.7,89.5,22.8,65.20%
1-1,0,D. Ponce (LBSU),C. Kirtley (UCSB),Sinker,Fly Out,89.6,2286.8,98,33.2,95.40%
1-1,1,D. Ponce (LBSU),J. Sundstrom (UCSB),Slider,Fly Out,79.1,2198.2,89.9,37.6,66.50%
0-0,0,D. Ponce (LBSU),I. Brethowr (UCSB),Fastball,Fly Out,86.2,2175.6,88.7,58.6,97.00%
0-1,2,D. Ponce (LBSU),J. Trimble (UCSB),Sinker,Single on a Line Drive,89.5,2148.2,106.5,12.6,97.40%
0-2,2,D. Ponce (LBSU),A. Parker (UCSB),Sinker,Pop Out,89,2021.2,88.8,61.2,54.60%
1-2,0,D. Ponce (LBSU),C. Kirtley (UCSB),Slider,Double on a Line Drive,81.3,2314.2,108.4,7.4,98.60%
1-1,0,D. Ponce (LBSU),J. Sundstrom (UCSB),Sinker,Fly Out,89.2,2157.6,93.5,33.3,98.60%
0-0,1,D. Ponce (LBSU),B. Mortensen (UCSB),Sinker,Sac Bunt,87.7,2137.2,31.5,-44.4,96.30%
0-2,1,G. Osman (LBSU),J. Sundstrom (UCSB),Sinker,Ground Out,91.5,2465.3,69,1.8,95.60%
2-2,2,G. Osman (LBSU),A. Parker (UCSB),Slider,Ground Out,81.9,2413,84.8,-28.8,76.60%
2-2,0,G. Osman (LBSU),I. Brethowr (UCSB),Fastball,Home Run on a 409.00 ft Fly Ball,90.4,2439.5,104.1,30.6,96.60%
2-0,0,G. Osman (LBSU),J. Newman jr. (UCSB),Sinker,Home Run on a 416.08 ft Fly Ball,89.6,2450.6,107.7,25.8,99.00%
1-2,0,G. Osman (LBSU),L. Mccollum (UCSB),Slider,Reached on Error on a Ground Ball,82.6,2352,52.7,-56.4,64.60%
1-0,0,G. Osman (LBSU),C. Nunez (UCSB),Fastball,Sac Bunt,89.8,2454.8,19.1,19.5,64.30%
0-0,1,G. Osman (LBSU),N. Oakley (UCSB),Slider,Reached on Error on a Bunt Ground Ball,82.8,2169.6,32.5,-62.7,78.50%
2-2,2,G. Osman (LBSU),A. Parker (UCSB),Slider,Fielder's Choice,82.8,2321.7,54.8,5.1,98.00%
0-2,0,G. Osman (LBSU),I. Brethowr (UCSB),Slider,Fly Out,81.5,2422.8,97.2,24.4,15.20%
0-1,1,G. Osman (LBSU),J. Newman jr. (UCSB),Changeup,Single on a Ground Ball,83,1487.5,90.8,-7.3,86.80%
1-1,2,G. Osman (LBSU),C. Nunez (UCSB),Sinker,Fielder's Choice,90.3,2353.4,88.4,-6.8,94.50%
2-2,1,G. Osman (LBSU),C. Kirtley (UCSB),Fastball,Fly Out,90.8,2356.5,98.4,46.6,93.30%
0-1,2,G. Osman (LBSU),J. Sundstrom (UCSB),Slider,Fly Out,84.4,2483.1,104.5,37.8,98.10%
2-1,0,G. Osman (LBSU),I. Brethowr (UCSB),Fastball,Home Run on a 410.50 ft Fly Ball,89.5,2372.9,108.1,29.3,98.20%
0-0,1,J. Carlos (LBSU),L. Mccollum (UCSB),Fastball,Single on a Line Drive,88.7,2031.6,87.4,12,57.30%
0-1,1,J. Carlos (LBSU),Z. Darby (UCSB),Changeup,Double Play,83.9,1438.2,78.2,-4.2,97.90%
3-2,1,J. Carlos (LBSU),N. Oakley (UCSB),Fastball,Fly Out,88.6,2137.8,96.7,56.9,77.50%
1-2,2,J. Carlos (LBSU),C. Kirtley (UCSB),Fastball,Line Out,89.5,2079,110.1,8.1,85.80%
0-0,0,J. Carlos (LBSU),J. Sundstrom (UCSB),Changeup,Home Run on a 409.73 ft Fly Ball,83.2,1435,104.7,34,99.30%
2-2,1,J. Carlos (LBSU),I. Brethowr (UCSB),Slider,Fly Out,80.1,2448,101,32.8,98.20%
0-0,2,J. Carlos (LBSU),J. Newman jr. (UCSB),Slider,Single on a Line Drive,80.4,2358.5,94.8,14.3,52.00%
3-2,2,J. Carlos (LBSU),L. Mccollum (UCSB),Fastball,Line Out,89.2,2115.7,105.1,13.8,95.90%
1-2,2,J. Carlos (LBSU),N. Oakley (UCSB),Fastball,Fly Out,86.5,2036.3,94.7,37.6,75.20%
0-1,0,J. Carlos (LBSU),C. Kirtley (UCSB),Fastball,Home Run on a 408.87 ft Fly Ball,86.3,2074.6,107,22.5,97.00%
0-0,0,J. Carlos (LBSU),J. Sundstrom (UCSB),Curveball,Fly Out,78.9,2312.4,97.9,40,97.90%
1-2,2,J. Carlos (LBSU),I. Brethowr (UCSB),Fastball,Single on a Line Drive,87.3,2082.3,107.4,10.2,13.00%
1-2,2,J. Haley (LBSU),J. Newman jr. (UCSB),Changeup,Ground Out,74,1983.8,50.2,-31,91.00%
1-0,1,N. Zeglin (LBSU),J. Sundstrom (UCSB),Curveball,Double on a Line Drive,76.6,1919.1,93.2,15,99.20%
1-0,2,N. Zeglin (LBSU),A. Parker (UCSB),Fastball,Double on a Fly Ball,90.3,2124.9,103.2,20.6,68.90%
1-1,2,N. Zeglin (LBSU),B. Mortensen (UCSB),Changeup,Fly Out,78.2,2123.7,93.3,42.1,95.60%
1-1,0,N. Zeglin (LBSU),L. Mccollum (UCSB),Fastball,Double Play,88.4,2067.5,94.1,-3.7,13.80%
1-1,0,N. Zeglin (LBSU),C. Nunez (UCSB),Fastball,Ground Out,88.8,2138.3,96.5,3.1,94.40%
1-1,1,N. Zeglin (LBSU),N. Oakley (UCSB),Changeup,Double on a Fly Ball,78.8,1863.7,94.4,20.1,87.60%
0-0,2,N. Zeglin (LBSU),A. Parker (UCSB),Curveball,Ground Out,77,1991.1,72.2,-40.5,92.00%
0-0,2,N. Zeglin (LBSU),L. Mccollum (UCSB),Changeup,Ground Out,79.6,2141.1,93.9,4.4,96.60%
0-0,0,N. Zeglin (LBSU),Z. Darby (UCSB),Curveball,Fly Out,75,1937.7,101.4,35.9,98.30%
1-1,1,N. Zeglin (LBSU),C. Nunez (UCSB),Fastball,Pop Out,88.6,2100.8,75.9,55.9,85.50%
0-0,2,N. Zeglin (LBSU),N. Oakley (UCSB),Fastball,Bunt Ground Out,88.8,2130.4,32.9,-30.4,98.40%
3-2,0,N. Zeglin (LBSU),C. Kirtley (UCSB),Fastball,Fly Out,88.6,2116.1,89.9,32.2,94.20%
0-1,1,N. Zeglin (LBSU),J. Sundstrom (UCSB),Fastball,Ground Out,88.4,2014.5,65.6,-1.3,35.50%
0-0,0,N. Zeglin (LBSU),B. Mortensen (UCSB),Changeup,Line Out,77,2005.2,89.4,11.7,94.10%
2-1,2,N. Zeglin (LBSU),L. Mccollum (UCSB),Changeup,Fly Out,78.1,1939.4,100,46.5,84.70%
2-2,0,N. Zeglin (LBSU),Z. Darby (UCSB),Changeup,Fly Out,76.9,1835.9,83.3,35.8,31.30%
0-0,1,N. Zeglin (LBSU),C. Nunez (UCSB),Changeup,Fly Out,77.3,1896,93.4,37.5,87.80%
1-2,0,M. Baldo (LMU),C. Kirtley (UCSB),Curveball,Single on a Ground Ball,74,2179.7,92.8,-7.8,95.40%
1-2,0,M. Baldo (LMU),Z. Darby (UCSB),Fastball,Fly Out,92.1,2282.5,88.2,28,0.20%
0-0,1,M. Baldo (LMU),J. Sundstrom (UCSB),Fastball,Reached on Error on a Ground Ball,92.2,2136.3,64.1,-15.9,92.70%
3-2,2,M. Baldo (LMU),J. Sebring (UCSB),Fastball,Double on a Ground Ball,92.9,2283.2,100.7,2,96.90%
1-0,2,M. Baldo (LMU),A. Parker (UCSB),Fastball,Ground Out,93,2325.4,89.8,-0.5,92.30%
2-2,1,S. Barrett (LMU),L. Mccollum (UCSB),Curveball,Reached on Error on a Ground Ball,73.1,2383.2,75.3,-3.1,38.90%
2-0,1,S. Barrett (LMU),C. Nunez (UCSB),Fastball,Double Play,92.1,2225.2,89.4,-26.4,94.90%
1-0,0,S. Barrett (LMU),C. Kirtley (UCSB),Fastball,Home Run on a 406.64 ft Fly Ball,91.3,2313.3,106.1,24.5,98.20%
2-2,0,S. Barrett (LMU),Z. Darby (UCSB),Slider,Single on a Ground Ball,82.8,2350.2,101.9,4.3,94.50%
0-0,1,L. Hurd (LMU),A. Parker (UCSB),Sinker,Double Play,88.9,1960.9,101.5,-1.9,98.20%
0-0,0,L. Hurd (LMU),I. Brethowr (UCSB),Fastball,Fly Out,88.4,1908.4,94.2,55.1,97.00%
1-2,2,L. Hurd (LMU),C. Nunez (UCSB),Fastball,Ground Out,87.4,1954.7,79.5,-9.3,0.00%
2-0,0,L. Hurd (LMU),C. Kirtley (UCSB),Fastball,Pop Out,87.7,1881,88.1,68.5,98.60%
0-0,1,L. Hurd (LMU),Z. Darby (UCSB),Curveball,Single on a Fly Ball,77.4,2037,73.6,30.7,88.90%
1-2,1,L. Hurd (LMU),J. Sundstrom (UCSB),Fastball,Fly Out,88.9,2098,92,47.4,14.60%
2-2,2,R. Mullan (LMU),I. Brethowr (UCSB),Changeup,Single on a Ground Ball,83.7,1849.3,100.8,-2.4,85.40%
2-0,2,C. Clark (LMU),L. Mccollum (UCSB),Fastball,Fielder's Choice,86.6,2098.5,104,-3.7,91.80%
2-0,0,C. Clark (LMU),C. Nunez (UCSB),Fastball,Fly Out,87.7,1977.1,98.8,25.2,96.90%
1-1,2,C. Clark (LMU),Z. Darby (UCSB),Changeup,Single on a Ground Ball,88.2,1867.2,99.7,2,87.30%
0-0,0,D. Watson (LMU),J. Sundstrom (UCSB),Fastball,Home Run on a 401.85 ft Fly Ball,89.5,2371.7,107.5,28.5,91.30%
3-2,1,D. Watson (LMU),J. Sebring (UCSB),Fastball,Pop Out,90.9,2430.2,78.5,79,98.50%
0-1,2,D. Watson (LMU),I. Brethowr (UCSB),Slider,Single on a Line Drive,78.4,2143.9,104.9,12.8,97.50%
1-2,2,C. Kershaw (LMU),L. Mccollum (UCSB),Changeup,Fielder's Choice,86.3,1940.7,89.2,-21.2,79.50%
2-2,0,C. Kershaw (LMU),C. Kirtley (UCSB),Changeup,Fly Out,86.3,1980.2,92.2,32.4,96.90%
0-0,1,C. Kershaw (LMU),Z. Darby (UCSB),Changeup,Ground Out,86.9,1968.6,82.7,-10.3,67.40%
2-2,2,C. Kershaw (LMU),J. Sundstrom (UCSB),Changeup,Ground Out,86.2,1949,98.1,-2.1,98.50%
1-0,0,R. Kittredge (CBU),J. Sebring (UCSB),Fastball,Ground Out,87.7,2135.3,109.7,3.9,68.40%
3-2,1,R. Kittredge (CBU),C. Kirtley (UCSB),Fastball,Ground Out,88.1,2073,77.6,-7.6,96.90%
1-2,2,N. Hemmerling (CBU),J. Sundstrom (UCSB),Slider,Double on a Line Drive,85.3,2632.2,105.6,12.5,97.10%
2-1,0,B. Downer (CBU),A. Parker (UCSB),Sinker,Double on a Pop Up,91.5,2062.7,94.5,67.5,98.60%
2-2,0,B. Downer (CBU),C. Kirtley (UCSB),Curveball,Fielder's Choice,77.2,2477,90.7,-24.5,90.30%
1-0,1,B. Downer (CBU),C. Nunez (UCSB),Fastball,Double Play,93.5,2154,83.3,-23.9,97.30%
2-1,1,B. Downer (CBU),Z. Darby (UCSB),Fastball,Fielder's Choice,93.1,2017.4,102.6,6.2,62.70%
0-0,2,B. Downer (CBU),J. Sundstrom (UCSB),Fastball,Fly Out,92.6,2022.9,102.3,22,88.50%
0-1,0,R. Hernandez (CBU),B. Mortensen (UCSB),Curveball,Single on a Ground Ball,74.7,2622.6,88.4,4.5,94.50%
0-2,0,R. Hernandez (CBU),A. Parker (UCSB),Changeup,Fly Out,84.3,2010.1,92.4,48.8,13.60%
1-0,1,A. Necochea (CBU),J. Sebring (UCSB),Sinker,Double Play,92.6,2028.6,91.5,6.3,98.00%
2-0,0,A. Necochea (CBU),C. Kirtley (UCSB),Sinker,Single on a Line Drive,92,2038.8,107,6.4,98.20%
0-1,0,A. Necochea (CBU),C. Nunez (UCSB),Curveball,Double Play,78.8,2377.6,88.1,-7.8,74.10%
3-2,2,L. Becerra (CBU),Z. Darby (UCSB),Sinker,Fly Out,90.7,2047.4,95.8,42.2,97.20%
0-1,0,L. Becerra (CBU),J. Sundstrom (UCSB),Curveball,Single on a Line Drive,74.6,2032.2,104.1,13,30.40%
2-1,0,L. Becerra (CBU),B. Mortensen (UCSB),Curveball,Home Run on a 411.61 ft Fly Ball,75.1,2003.8,97.9,32.3,97.60%
1-0,0,L. Becerra (CBU),A. Parker (UCSB),Sinker,Single on a Line Drive,89.1,2127.6,107.4,8.6,98.70%
3-2,0,R. Delgado (CBU),J. Sebring (UCSB),Curveball,Double on a Line Drive,81.5,2277.7,98.3,13.6,96.40%
0-1,0,R. Delgado (CBU),C. Kirtley (UCSB),Slider,Fly Out,85.6,2420.6,85.8,43.4,95.70%
1-2,1,R. Delgado (CBU),C. Nunez (UCSB),Curveball,Pop Out,82,2140.6,78.2,51.8,89.30%
1-0,2,R. Delgado (CBU),I. Brethowr (UCSB),Changeup,Single on a Line Drive,83.1,2016.1,89.1,14.5,0.00%
0-1,2,R. Delgado (CBU),L. Mccollum (UCSB),Sinker,Single on a Ground Ball,90.4,2215.1,96.7,-28.5,97.50%
2-2,2,R. Delgado (CBU),J. Sundstrom (UCSB),Curveball,Ground Out,81.6,2176.2,102.3,-4.8,95.60%
2-0,0,R. Delgado (CBU),B. Mortensen (UCSB),Sinker,Pop Out,90.9,2203.5,95.1,68.2,98.40%
1-0,1,R. Delgado (CBU),A. Parker (UCSB),Sinker,Line Out,92.5,2351.3,98.9,9,96.70%
0-1,0,C. Delaney (UCD),Z. Darby (UCSB),Changeup,Single on a Line Drive,79.4,1864.4,92.9,14.1,53.70%
1-0,0,C. Delaney (UCD),J. Sundstrom (UCSB),Curveball,Single on a Line Drive,77.2,2210.2,100.6,12.3,98.90%
0-0,0,C. Delaney (UCD),B. Mortensen (UCSB),Sinker,Single on a Line Drive,85.6,2051.2,102.8,5.2,32.90%
0-0,0,C. Delaney (UCD),C. Kirtley (UCSB),Fastball,Sac Fly,85,2036.4,82.7,35.6,49.90%
0-2,1,C. Delaney (UCD),A. Parker (UCSB),Curveball,Double Play,79.8,2239.7,92.8,-9.1,97.20%
2-1,0,C. Delaney (UCD),J. Sebring (UCSB),Curveball,Fly Out,77.3,2249.8,91.4,22.5,96.90%
0-1,1,C. Delaney (UCD),I. Brethowr (UCSB),Curveball,Single on a Line Drive,77,2220.7,71.3,13.3,76.30%
1-0,1,C. Delaney (UCD),C. Nunez (UCSB),Curveball,Single on a Ground Ball,79,2177.1,96.8,-1.2,97.00%
2-0,1,C. Delaney (UCD),L. Mccollum (UCSB),Fastball,Double Play,88.9,2170.8,98.3,-8.6,92.60%
0-0,0,C. Delaney (UCD),Z. Darby (UCSB),Changeup,Fly Out,78,1873.6,95.1,26.6,98.50%
0-2,1,C. Delaney (UCD),J. Sundstrom (UCSB),Changeup,Single on a Line Drive,81.3,1777.2,100.4,13.3,73.60%
0-1,1,C. Delaney (UCD),B. Mortensen (UCSB),Changeup,Line Out,79.8,2023.6,104.9,19.7,95.20%
2-0,2,C. Delaney (UCD),C. Kirtley (UCSB),Sinker,Ground Out,87.1,2077.9,101.9,-6.9,12.00%
1-0,0,C. Delaney (UCD),A. Parker (UCSB),Curveball,Line Out,77.4,2054.9,101.8,10.8,98.40%
0-1,2,C. Delaney (UCD),I. Brethowr (UCSB),Changeup,Hit By Pitch,80,1799.3,58.6,-6.1,0.50%
0-0,2,C. Delaney (UCD),C. Nunez (UCSB),Changeup,Fielder's Choice,86.3,2033.9,99.1,5.7,97.30%
0-0,0,C. Delaney (UCD),L. Mccollum (UCSB),Fastball,Hit By Pitch,85.3,2003,30.5,15.3,0.00%
0-0,0,C. Delaney (UCD),Z. Darby (UCSB),Sinker,Double on a Fly Ball,85.5,2003.5,100.4,25.6,97.50%
1-2,0,C. Delaney (UCD),J. Sundstrom (UCSB),Changeup,Single on a Line Drive,81.7,1944.3,99.9,8.9,93.70%
0-0,0,C. Delaney (UCD),B. Mortensen (UCSB),Changeup,Ground Out,78.2,1860.2,44,-70.2,2.80%
2-1,1,N. Peng (UCD),A. Parker (UCSB),Slider,Single on a Line Drive,78.8,2278.4,101.6,6.2,89.70%
0-1,1,N. Peng (UCD),J. Sebring (UCSB),Sinker,Line Out,88.7,2187.5,77.4,21.8,95.60%
1-0,2,N. Peng (UCD),I. Brethowr (UCSB),Slider,Double on a Fly Ball,80.6,2276.2,67.1,30.5,98.30%
1-2,2,N. Peng (UCD),C. Nunez (UCSB),Fastball,Fly Out,90.2,2158.8,88,25.4,55.10%
3-1,1,N. Peng (UCD),Z. Darby (UCSB),Fastball,Fly Out,90,2217.5,96.1,25.3,98.00%
0-2,2,N. Peng (UCD),J. Sundstrom (UCSB),Slider,Fly Out,81,2359.3,92,53.9,95.50%
3-1,0,D. Carrion (UCD),B. Mortensen (UCSB),Fastball,Fly Out,93.2,2522.2,92,34.3,70.20%
3-2,1,D. Carrion (UCD),C. Kirtley (UCSB),Cutter,Fly Out,91.9,2586.3,99.1,41,99.10%
1-1,2,D. Carrion (UCD),A. Parker (UCSB),Slider,Single on a Line Drive,84.4,2287.5,95.4,17.4,83.10%
2-0,2,D. Carrion (UCD),J. Sebring (UCSB),Fastball,Fly Out,92,2516,93.5,38.3,98.50%
0-0,1,K. Hogan (UCD),C. Nunez (UCSB),Sinker,Pop Out,89,1892.4,65.1,63.3,55.00%
2-2,2,K. Hogan (UCD),L. Mccollum (UCSB),Sinker,Ground Out,89.7,2291.6,86,-36.4,83.30%
0-0,0,A. Huezo (UCD),J. Sundstrom (UCSB),Slider,Single on a Line Drive,79.5,2268.9,105.1,10.9,98.50%
1-2,0,A. Huezo (UCD),B. Mortensen (UCSB),Changeup,Double on a Line Drive,77.5,1394,98.4,13.9,44.20%
1-2,1,A. Huezo (UCD),A. Parker (UCSB),Sinker,Single on a Line Drive,89,2304.5,85.9,9.6,95.90%
1-2,2,A. Huezo (UCD),C. Nunez (UCSB),Fastball,Fielder's Choice,88.5,2161.6,71.3,-21.5,93.40%
1-1,0,A. Huezo (UCD),L. Mccollum (UCSB),Fastball,Ground Out,88.2,2116.1,49.7,-14.9,0.00%
0-1,1,A. Huezo (UCD),J. Sebring (UCSB),Slider,Single on a Line Drive,80.6,2296.1,109.2,8.9,97.30%
0-1,1,A. Huezo (UCD),Z. Darby (UCSB),Changeup,Double on a Fly Ball,77.9,1513.1,91.8,20.9,97.10%
1-0,1,A. Huezo (UCD),J. Sundstrom (UCSB),Fastball,Single on a Fly Ball,87.7,1941.9,73.8,26.9,95.20%
3-2,2,A. Huezo (UCD),B. Mortensen (UCSB),Changeup,Ground Out,79.3,1640.6,98,4.6,58.40%
1-2,2,A. Huezo (UCD),C. Kirtley (UCSB),Slider,Double on a Line Drive,80,2295.2,109.3,13.2,95.90%
0-0,2,A. Huezo (UCD),C. Nunez (UCSB),Sinker,Single on a Line Drive,87.6,2208.3,87.5,12.9,82.10%
3-1,2,A. Huezo (UCD),L. Mccollum (UCSB),Fastball,Single on a Ground Ball,87.7,2066.1,106,2.1,98.70%
1-0,2,T. Allen (UCD),Z. Darby (UCSB),Curveball,Fly Out,76.4,1901.8,93.5,56.8,96.10%
3-2,0,B. Wooldridge (UCD),J. Sundstrom (UCSB),Changeup,Reached on Error on a Ground Ball,73.9,1831.1,96.6,-5.6,33.30%
1-2,0,B. Wooldridge (UCD),B. Mortensen (UCSB),Curveball,Pop Out,70,2270.5,44.9,56.2,6.90%
2-0,1,B. Wooldridge (UCD),I. Brethowr (UCSB),Changeup,Fly Out,80.9,1983.1,100.5,32.6,92.90%
1-2,2,B. Wooldridge (UCD),C. Nunez (UCSB),Sinker,Fielder's Choice,86.2,2139.8,95.8,-2.7,93.20%
2-2,0,I. Torpey (UCD),L. Mccollum (UCSB),Fastball,Ground Out,87.9,2147.8,82.9,-39.3,97.30%
0-0,1,I. Torpey (UCD),J. Sebring (UCSB),Fastball,Fly Out,86.8,2166.8,58.6,29.9,66.60%
2-1,2,I. Torpey (UCD),Z. Darby (UCSB),Fastball,Ground Out,87.2,2143.1,100,-8.2,77.50%
0-2,0,I. Torpey (UCD),B. Mortensen (UCSB),Fastball,Fly Out,88,2211.7,95.8,28.2,8.00%
3-2,1,I. Torpey (UCD),I. Brethowr (UCSB),Fastball,Fly Out,88.6,2246.4,40.5,39.9,0.00%
0-0,2,I. Torpey (UCD),A. Parker (UCSB),Slider,Pop Out,78.4,2356.9,91.6,63.7,98.60%
1-2,0,I. Torpey (UCD),C. Nunez (UCSB),Curveball,Single on a Line Drive,78.2,2329.5,97.1,9.2,14.60%
2-2,1,Z. Romero (UCD),B. Mortensen (UCSB),Changeup,Double on a Ground Ball,75.6,1672.9,75.4,-1.3,19.00%
1-0,1,Z. Romero (UCD),I. Brethowr (UCSB),Fastball,Fielder's Choice,85.1,2039.1,62.9,-30.9,95.70%
1-0,0,M. Hippensteel (UCD),C. Kirtley (UCSB),Fastball,Pop Out,89.4,1907.7,77.7,76.1,89.40%
0-0,1,M. Hippensteel (UCD),C. Nunez (UCSB),Changeup,Fly Out,90.1,1701.9,89.3,20.2,86.60%
0-0,2,M. Manning (UCD),Z. Darby (UCSB),Sinker,Single on a Line Drive,86.5,2026.8,100.6,8.8,85.10%
1-1,0,B. Green (UCD),L. Mccollum (UCSB),Fastball,Ground Out,88.9,2213.3,58,-46.4,91.70%
1-1,1,B. Green (UCD),J. Sundstrom (UCSB),Curveball,Fly Out,75.9,1905.1,99.5,34.1,60.80%
2-1,2,B. Green (UCD),J. Sebring (UCSB),Fastball,Ground Out,88.2,2164.8,97.7,-2.6,91.90%
1-2,0,B. Green (UCD),I. Brethowr (UCSB),Fastball,Pop Out,87.3,2240.5,91.6,64.7,7.80%
2-2,1,B. Green (UCD),Z. Darby (UCSB),Fastball,Single on a Line Drive,88.5,2220.7,94.5,12.3,4.40%
2-0,1,B. Green (UCD),J. Sundstrom (UCSB),Fastball,Double on a Ground Ball,91,2346.3,96.5,-2.1,98.00%
0-0,2,B. Green (UCD),I. Brethowr (UCSB),Fastball,Single on a Ground Ball,89.1,2286.9,111.8,2.2,3.10%
2-0,2,B. Green (UCD),A. Parker (UCSB),Fastball,Double on a Ground Ball,87.6,2248.5,91.6,-17.9,97.80%
0-2,2,B. Green (UCD),C. Kirtley (UCSB),Fastball,Hit By Pitch,90.9,2348.2,25.1,69.8,0.00%
1-2,2,B. Green (UCD),Z. Darby (UCSB),Curveball,Fly Out,73.5,1830.6,89.2,50.5,92.80%
1-2,0,B. Green (UCD),C. Nunez (UCSB),Slider,Ground Out,76.8,2038.6,78.5,-5.9,47.70%
1-0,1,B. Green (UCD),J. Newman jr. (UCSB),Curveball,Fly Out,74.9,1904.5,84.8,32.8,99.40%
0-0,2,B. Green (UCD),J. Sundstrom (UCSB),Slider,Bunt Ground Out,78.3,2001.3,30.9,-56.7,15.90%
1-2,0,B. Green (UCD),J. Sebring (UCSB),Curveball,Ground Out,75.2,1927.4,91.1,-30.7,70.10%
2-1,2,B. Green (UCD),C. Kirtley (UCSB),Curveball,Fly Out,74.5,1905.3,105.1,38.2,85.80%
0-0,1,N. Peng (UCD),B. Mortensen (UCSB),Sinker,Fielder's Choice,89.9,2190.2,74.3,-29.8,77.50%
3-1,2,N. Peng (UCD),J. Sundstrom (UCSB),Slider,Fly Out,79.8,2290.7,101.1,36.8,97.60%
1-2,1,D. Carrion (UCD),I. Brethowr (UCSB),Slider,Single on a Ground Ball,84.8,2429.6,108.2,-4.7,94.50%
2-2,1,D. Carrion (UCD),A. Parker (UCSB),Fastball,Double Play,93.1,2482.4,93.1,-6.8,97.60%
1-1,0,D. Carrion (UCD),C. Kirtley (UCSB),Slider,Fly Out,84.3,2342.6,75.1,42.4,75.90%
1-2,1,D. Carrion (UCD),Z. Darby (UCSB),Fastball,Fielder's Choice,94.4,2489.6,110.2,-20.7,92.00%
1-1,2,D. Carrion (UCD),C. Nunez (UCSB),Fastball,Double on a Fly Ball,92.5,2480,98.1,23,88.90%
0-2,2,D. Carrion (UCD),L. Mccollum (UCSB),Slider,Fielder's Choice,84.6,2392.2,68.6,-7.9,75.20%
3-2,0,K. Hogan (UCD),J. Sundstrom (UCSB),Sinker,Fly Out,89.1,2049.7,92.6,41.2,86.80%
2-1,1,K. Hogan (UCD),J. Sebring (UCSB),Curveball,Line Out,78,1989.1,102.3,8.2,98.50%
3-2,0,K. Hogan (UCD),A. Parker (UCSB),Fastball,Single on a Line Drive,87.3,2162.2,101.6,5.7,95.00%
0-1,0,K. Hogan (UCD),C. Kirtley (UCSB),Curveball,Single on a Line Drive,78.4,2078.6,85.5,19.9,96.90%
0-2,0,K. Hogan (UCD),Z. Darby (UCSB),Fastball,Sac Bunt,87.7,2198.1,32.9,-13.2,11.10%
0-0,1,K. Hogan (UCD),C. Nunez (UCSB),Curveball,Double on a Fly Ball,77.5,1956,97.7,22.4,98.80%
0-2,1,K. Hogan (UCD),L. Mccollum (UCSB),Curveball,Fielder's Choice,77.5,2035.7,57,-33.9,96.10%
3-2,0,K. Riccomini (UCD),C. Kirtley (UCSB),Fastball,Single on a Ground Ball,86.3,2111,92.5,-8,93.60%
1-2,2,T. Allen (UCD),C. Nunez (UCSB),Fastball,Single on a Line Drive,85.6,2075.7,71.6,18.6,89.40%
1-2,2,B. Christy (PEPP),A. Parker (UCSB),Curveball,Fly Out,77.9,2133.5,91,31.9,94.90%
2-1,0,B. Christy (PEPP),B. Mortensen (UCSB),Changeup,Home Run on a 406.74 ft Fly Ball,85.5,2071.6,105.7,22,89.90%
1-2,0,B. Christy (PEPP),J. Sebring (UCSB),Changeup,Ground Out,84.7,2065.3,81.7,-30.4,97.80%
1-1,1,B. Christy (PEPP),J. Newman jr. (UCSB),Changeup,Line Out,85.7,2087.3,103.4,6.4,97.80%
3-2,2,B. Christy (PEPP),J. Trimble (UCSB),Changeup,Fly Out,81.2,1479.8,97.5,42.1,96.20%
3-2,0,B. Christy (PEPP),C. Nunez (UCSB),Changeup,Ground Out,85.1,2093.6,61,-78.5,23.90%
2-2,1,B. Christy (PEPP),Z. Darby (UCSB),Changeup,Ground Out,80.4,1434.7,46.5,-28.2,22.90%
0-0,2,B. Christy (PEPP),C. Kirtley (UCSB),Changeup,Ground Out,79.8,1398.9,63.4,8.7,0.00%
2-2,0,T. Kniskern (PEPP),J. Sundstrom (UCSB),Changeup,Line Out,86.3,1941.7,103.8,15.9,97.00%
2-1,1,T. Kniskern (PEPP),A. Parker (UCSB),Fastball,Ground Out,85.2,1944.2,50.8,-10.6,85.00%
2-1,2,T. Kniskern (PEPP),B. Mortensen (UCSB),Fastball,Ground Out,87.1,2008.5,101.2,4.7,87.70%
1-1,1,D. Stewart (PEPP),J. Newman jr. (UCSB),Fastball,Fly Out,86.9,2041.5,98.2,25.8,85.70%
0-0,2,D. Stewart (PEPP),J. Trimble (UCSB),Changeup,Line Out,79.6,1859.2,105.8,19.5,98.20%
1-0,0,N. Diamond (PEPP),C. Nunez (UCSB),Changeup,Fly Out,81.4,1649.8,100.7,35.1,82.70%
0-0,1,N. Diamond (PEPP),Z. Darby (UCSB),Curveball,Single on a Line Drive,73.9,2149.4,103.3,12,98.00%
1-2,1,N. Diamond (PEPP),C. Kirtley (UCSB),Changeup,Pop Out,81.9,1749.8,84.9,50.6,61.30%
0-2,2,N. Diamond (PEPP),J. Sundstrom (UCSB),Sinker,Single on a Fly Ball,85.8,2079.8,71.2,36,78.60%
2-2,1,N. Diamond (PEPP),J. Sebring (UCSB),Changeup,Fly Out,76.2,3356.7,93.8,29.1,95.70%
1-0,2,N. Diamond (PEPP),J. Newman jr. (UCSB),Changeup,Pop Out,80.9,1635.1,72.9,62.2,89.90%
1-0,1,D. Maccallum (PEPP),C. Nunez (UCSB),Fastball,Line Out,88.1,2169.1,88.1,19.2,85.20%
3-1,2,D. Maccallum (PEPP),C. Kirtley (UCSB),Fastball,Pop Out,87.7,2224.3,69.4,64,83.80%
0-2,2,D. Maccallum (PEPP),B. Mortensen (UCSB),Fastball,Double on a Fly Ball,89,2141.5,94.1,35,93.20%
3-0,2,D. Maccallum (PEPP),J. Sebring (UCSB),Fastball,Fly Out,87,2102.1,100.5,29,99.10%
2-0,0,Z. Chonkich (PEPP),J. Newman jr. (UCSB),Sinker,Ground Out,89.5,2426.6,62.5,-72.8,50.60%
2-0,1,Z. Chonkich (PEPP),L. Mccollum (UCSB),Fastball,Fly Out,91.4,2397.2,96.4,40.6,61.00%
0-0,2,Z. Chonkich (PEPP),C. Nunez (UCSB),Fastball,Fly Out,91.5,2401.7,98.9,21.1,98.40%
1-2,0,D. Suarez (UCI),Z. Darby (UCSB),Slider,Fly Out,80.9,2222.2,88.3,35.5,26.70%
0-1,1,D. Suarez (UCI),A. Parker (UCSB),Fastball,Fly Out,87.5,2247.5,88.4,39.9,97.00%
2-2,0,D. Suarez (UCI),B. Mortensen (UCSB),Slider,Fly Out,82.8,2170.5,71.6,43.9,87.80%
1-1,2,D. Suarez (UCI),J. Newman jr. (UCSB),Slider,Single on a Line Drive,79.5,2136.1,100,16.7,86.70%
2-0,2,D. Suarez (UCI),J. Sebring (UCSB),Fastball,Single on a Line Drive,85.1,2201.5,82.5,19.3,96.90%
2-2,1,D. Suarez (UCI),Z. Darby (UCSB),Fastball,Line Out,87.3,2274.8,100.3,16.8,23.50%
0-0,2,D. Suarez (UCI),A. Parker (UCSB),Slider,Pop Out,78.7,2008,86.8,69.8,97.50%
0-1,0,D. Suarez (UCI),J. Sundstrom (UCSB),Changeup,Home Run on a 396.31 ft Fly Ball,78.8,1312.6,107,24.9,59.70%
0-0,0,D. Suarez (UCI),B. Mortensen (UCSB),Fastball,Single on a Ground Ball,86.2,2271.9,77.1,-13.1,95.20%
2-2,0,D. Suarez (UCI),L. Mccollum (UCSB),Fastball,Single on a Ground Ball,88.1,2292.6,108.8,-26.7,48.50%
2-2,2,D. Suarez (UCI),C. Nunez (UCSB),Fastball,Double on a Line Drive,88.9,2229,99.4,9.6,95.40%
1-2,2,D. Suarez (UCI),Z. Darby (UCSB),Changeup,Ground Out,78.8,1293.8,43.4,-15.1,91.50%
3-2,0,C. Wheeler (UCI),C. Kirtley (UCSB),Changeup,Fly Out,86.2,1978.5,87.6,35,94.20%
0-0,1,C. Wheeler (UCI),A. Parker (UCSB),Sinker,Single on a Ground Ball,86.1,1965.7,92.3,-4.4,97.70%
2-1,1,C. Wheeler (UCI),J. Sundstrom (UCSB),Changeup,Home Run on a 415.85 ft Fly Ball,86.3,2108.2,105.7,20.7,95.40%
1-0,1,C. Wheeler (UCI),B. Mortensen (UCSB),Changeup,Home Run on a 407.37 ft Fly Ball,84.1,2130.7,96.1,26.2,36.00%
0-2,1,C. Robinson (UCI),L. Mccollum (UCSB),Sinker,Single on a Ground Ball,92,2151.7,77.3,-21.6,56.40%
0-2,1,C. Robinson (UCI),J. Sebring (UCSB),Sinker,Home Run on a 426.92 ft Fly Ball,91.1,2333.2,103.4,25.9,73.50%
3-1,1,A. Antone (UCI),C. Nunez (UCSB),Fastball,Ground Out,87.4,2257.8,90.8,0.1,96.50%
2-1,2,A. Antone (UCI),Z. Darby (UCSB),Sinker,Line Out,90.7,2236.2,100.1,14.8,93.30%
0-2,1,A. Antone (UCI),A. Parker (UCSB),Sinker,Fly Out,88.9,2209.4,99.2,30.7,84.30%
1-2,2,A. Antone (UCI),B. Mortensen (UCSB),Splitter,Fly Out,79.2,1145.7,94,36,95.70%
3-1,2,A. Antone (UCI),J. Sebring (UCSB),Sinker,Double on a Fly Ball,92.2,2124.2,95.6,27.3,97.70%
1-2,2,A. Antone (UCI),C. Nunez (UCSB),Sinker,Single on a Line Drive,88.7,2266.4,92.9,5,38.30%
0-2,2,N. Rincover (UCI),Z. Darby (UCSB),Curveball,Fly Out,75,2565.2,63.6,29.8,14.10%
0-1,0,T. Brooks (UCI),C. Kirtley (UCSB),Curveball,Single on a Ground Ball,82.2,2982.4,87.2,-1,93.10%
2-1,1,T. Brooks (UCI),B. Mortensen (UCSB),Fastball,Home Run on a 404.97 ft Fly Ball,90.9,2436.5,105.6,22.4,88.20%
1-2,1,M. Martin (UCI),L. Mccollum (UCSB),Fastball,Double on a Line Drive,92.4,2350.6,102.5,16.9,96.40%
0-1,1,M. Martin (UCI),J. Newman jr. (UCSB),Fastball,Ground Out,91.1,2264.4,96.1,-11,96.60%
2-1,2,M. Martin (UCI),J. Sebring (UCSB),Sinker,Double on a Fly Ball,91.6,2309,99.5,21,22.40%
1-0,2,M. Martin (UCI),C. Nunez (UCSB),Slider,Fly Out,78.7,2201.5,80.1,39.4,97.20%
1-2,0,T. Brooks (UCI),L. Mccollum (UCSB),Curveball,Ground Out,82,2795.9,85.8,-27.6,88.30%
2-2,1,T. Brooks (UCI),Z. Darby (UCSB),Sinker,Fly Out,91,2379.5,87.3,33,98.50%
3-2,2,T. Brooks (UCI),C. Kirtley (UCSB),Sinker,Home Run on a 408.55 ft Fly Ball,91.3,2407.6,106.4,25.6,97.50%
0-1,0,N. Pinto (UCI),A. Parker (UCSB),Sinker,Reached on Error on a Ground Ball,89.8,2106.1,68.7,-31.6,0.00%
2-0,2,N. Pinto (UCI),N. Oakley (UCSB),Fastball,Ground Out,87.4,2110.7,94.1,-5.6,96.60%
0-1,0,N. Pinto (UCI),C. Nunez (UCSB),Fastball,Fly Out,89.4,2138.2,96.1,20.4,96.50%
3-2,0,N. Pinto (UCI),C. Kirtley (UCSB),Fastball,Double on a Line Drive,88.8,2186.6,100.4,19.3,96.90%
0-0,0,N. Pinto (UCI),A. Parker (UCSB),Sinker,Single on a Line Drive,87.1,1981.9,97.6,7.9,93.30%
0-0,0,N. Pinto (UCI),B. Mortensen (UCSB),Curveball,Sac Fly,77.3,2755.3,92.3,23.3,93.70%
1-1,1,N. Pinto (UCI),L. Mccollum (UCSB),Fastball,Single on a Line Drive,88,2134.5,91.9,9.3,50.90%
1-2,1,N. Pinto (UCI),Z. Darby (UCSB),Curveball,Ground Out,77.5,2728.6,82.7,-46.2,94.60%
1-0,0,N. Pinto (UCI),J. Sundstrom (UCSB),Sinker,Single on a Line Drive,86.7,1954.1,90.2,12.2,90.00%
2-1,1,N. Pinto (UCI),B. Mortensen (UCSB),Fastball,Fly Out,88.1,2113.6,87.8,29.2,98.10%
2-2,1,F. Wall (UCI),C. Nunez (UCSB),Fastball,Ground Out,91,2469.9,65.6,-9.1,94.90%
1-1,1,F. Wall (UCI),C. Kirtley (UCSB),Fastball,Home Run on a 403.34 ft Fly Ball,88.4,2502.1,103.3,25.4,96.50%
0-2,1,J. King (UCI),J. Sundstrom (UCSB),Slider,Fly Out,83.1,1981.9,98.9,39.7,91.20%
0-2,2,J. King (UCI),A. Parker (UCSB),Slider,Line Out,83.4,2003.7,58.1,17.6,21.90%
1-1,1,J. King (UCI),J. Newman jr. (UCSB),Slider,Single on a Line Drive,84.3,2016.7,102.6,12.4,98.70%
1-0,2,J. King (UCI),C. Nunez (UCSB),Slider,Ground Out,83.4,2118.9,71.7,-44.6,98.90%
3-2,1,C. Van allen (SJSU),Z. Darby (UCSB),Fastball,Fly Out,92.5,2368.7,83.1,28.6,71.40%
3-2,0,C. Van allen (SJSU),C. Kirtley (UCSB),Fastball,Fly Out,91.6,2286.5,96,51.5,97.20%
0-2,2,C. Van allen (SJSU),A. Parker (UCSB),Fastball,Single on a Ground Ball,92,2383.9,94.8,-9,96.10%
3-2,2,C. Van allen (SJSU),J. Sundstrom (UCSB),Curveball,Single on a Line Drive,76.9,2171.9,83.3,16.3,84.00%
2-1,1,C. Van allen (SJSU),C. Nunez (UCSB),Fastball,Double on a Fly Ball,90.9,2329.1,98.4,21.6,97.90%
0-0,1,C. Van allen (SJSU),L. Mccollum (UCSB),Fastball,Pop Out,81.8,2109.3,77.5,73.8,8.40%
0-1,2,C. Van allen (SJSU),Z. Darby (UCSB),Fastball,Ground Out,91.1,2388.7,105,-9,98.50%
1-2,0,C. Van allen (SJSU),J. Newman jr. (UCSB),Fastball,Line Out,90.7,2310.8,87.7,12.5,30.20%
2-1,1,C. Van allen (SJSU),B. Mortensen (UCSB),Fastball,Single on a Line Drive,88.5,2220.4,104.9,18.8,97.50%
3-1,1,C. Van allen (SJSU),J. Sundstrom (UCSB),Fastball,Home Run on a 408.26 ft Fly Ball,89.5,2175.9,106.5,37.8,97.70%
1-2,1,C. Sanchez (SJSU),N. Oakley (UCSB),Fastball,Fly Out,88.1,2300.2,96.4,38,83.90%
0-2,2,C. Sanchez (SJSU),C. Nunez (UCSB),Changeup,Single on a Line Drive,83.5,1609.7,95.1,8.1,95.60%
0-2,2,C. Sanchez (SJSU),L. Mccollum (UCSB),Fastball,Single on a Ground Ball,88.5,2157.9,89.2,-15.7,95.10%
3-2,2,C. Sanchez (SJSU),Z. Darby (UCSB),Fastball,Double on a Ground Ball,88,2167.8,88.4,-0.6,88.70%
3-2,2,C. Sanchez (SJSU),J. Newman jr. (UCSB),Curveball,Ground Out,78.6,2215.7,104.2,-16.2,70.60%
3-2,2,C. Sanchez (SJSU),J. Brown (UCSB),Fastball,Fly Out,88,2246,99.2,48.1,97.90%
0-0,1,C. Sanchez (SJSU),N. Oakley (UCSB),Fastball,Bunt Ground Out,86.7,2133.7,39.5,8.7,0.70%
0-0,2,C. Sanchez (SJSU),C. Nunez (UCSB),Sinker,Single on a Line Drive,87.4,2187.7,89.5,9.4,77.10%
1-0,2,C. Sanchez (SJSU),L. Mccollum (UCSB),Sinker,Ground Out,86.3,2076.2,87.4,-19.7,97.30%
1-2,0,C. Cushing (SJSU),J. Newman jr. (UCSB),Fastball,Single on a Fly Ball,86.9,2192.8,73.6,25.5,76.00%
2-2,0,J. Cammarata (SJSU),B. Mortensen (UCSB),Slider,Double on a Fly Ball,81.4,2302.8,97.9,27,10.00%
0-0,0,J. Cammarata (SJSU),N. Oakley (UCSB),Sinker,Fielder's Choice,91.1,1921.3,78.5,-10.6,61.40%
3-2,1,J. Cammarata (SJSU),C. Nunez (UCSB),Sinker,Ground Out,90,1956.4,96.2,-2.1,97.30%
0-0,0,T. Ernt (SJSU),Z. Darby (UCSB),Changeup,Fly Out,81.1,1818.6,94,32.4,84.70%
0-1,1,T. Ernt (SJSU),C. Kirtley (UCSB),Changeup,Ground Out,82.7,1807.2,85,-33.1,78.30%
0-0,0,K. Chase (SJSU),L. Mccollum (UCSB),Fastball,Single on a Bunt Ground Ball,89.9,1802.6,28.9,-13.8,72.40%
1-1,0,K. Chase (SJSU),A. Parker (UCSB),Fastball,Fielder's Choice,89.6,1964.5,96.2,4.6,78.50%
1-1,1,K. Chase (SJSU),Z. Darby (UCSB),Fastball,Sac Fly,89.9,2101.9,89.3,47.4,96.50%
1-0,2,K. Chase (SJSU),B. Mortensen (UCSB),Fastball,Fly Out,90.3,2009.5,81.1,42.7,97.90%
0-1,2,K. Chase (SJSU),C. Nunez (UCSB),Slider,Single on a Fly Ball,81.3,1818,72.3,28.3,12.30%
0-2,2,K. Chase (SJSU),J. Newman jr. (UCSB),Curveball,Fielder's Choice,74.5,2319.5,93.2,-1.3,1.70%
0-0,1,K. Chase (SJSU),A. Parker (UCSB),Slider,Fly Out,82.7,1925.2,91.5,51.4,96.00%
2-0,2,K. Chase (SJSU),Z. Darby (UCSB),Fastball,Pop Out,91.1,2104.6,88.8,64.7,70.70%
3-2,0,K. Chase (SJSU),C. Kirtley (UCSB),Fastball,Home Run on a 401.64 ft Fly Ball,89.9,1944.4,107.1,30.3,35.60%
1-1,0,K. Chase (SJSU),B. Mortensen (UCSB),Fastball,Single on a Ground Ball,90,2060.5,98.1,-5.4,97.80%
2-1,0,K. Chase (SJSU),J. Sundstrom (UCSB),Fastball,Double on a Line Drive,90.3,2144.3,103.9,12,80.20%
3-2,0,K. Chase (SJSU),J. Sebring (UCSB),Fastball,Ground Out,90,2173.3,102,-52,70.60%
1-1,2,K. Chase (SJSU),L. Mccollum (UCSB),Fastball,Ground Out,90.4,2131.8,49.1,0.1,12.60%
0-1,1,J. Gutierrez (SJSU),C. Kirtley (UCSB),Changeup,Reached on Fielder's Choice,76.1,1446.1,66.4,-12.6,47.90%
1-2,1,J. Gutierrez (SJSU),C. Nunez (UCSB),Fastball,Fly Out,87.1,2361,90.5,37,91.20%
1-2,0,N. Hansen (SJSU),L. Mccollum (UCSB),Fastball,Ground Out,90.4,2290.7,80.2,-46.8,85.20%
3-1,1,N. Hansen (SJSU),A. Parker (UCSB),Fastball,Ground Out,88.7,2188,97.8,1.9,98.10%
0-1,1,E. Ross (SJSU),N. Oakley (UCSB),Sinker,Ground Out,91.6,1932.5,91.5,-34.1,95.60%
0-1,2,E. Ross (SJSU),C. Nunez (UCSB),Sinker,Single on a Line Drive,92,2121.8,83.2,9.3,66.90%
2-1,2,E. Ross (SJSU),L. Mccollum (UCSB),Sinker,Fielder's Choice,91.4,1972.6,96.4,-10.2,85.20%
0-0,1,D. Jansen (SJSU),Z. Darby (UCSB),Fastball,Fly Out,90.4,1916.7,90.5,47.7,96.50%
2-0,2,D. Jansen (SJSU),C. Kirtley (UCSB),Fastball,Home Run on a 399.60 ft Fly Ball,90.1,1779.9,108.8,21.9,99.10%
1-1,1,E. Yates (CSF),Z. Darby (UCSB),Changeup,Pop Out,82,1954.3,82.9,64.2,98.80%
1-0,0,E. Yates (CSF),A. Parker (UCSB),Fastball,Single on a Ground Ball,89.7,2298.3,95,0.4,97.20%
1-0,0,E. Yates (CSF),J. Sundstrom (UCSB),Slider,Fly Out,82.2,2418.7,92.8,55.4,83.90%
1-2,1,E. Yates (CSF),B. Mortensen (UCSB),Fastball,Single on a Line Drive,89.8,2298.6,99.7,18.3,24.00%
2-2,0,E. Yates (CSF),N. Oakley (UCSB),Curveball,Ground Out,75.9,2478.6,94.3,-3.3,25.70%
0-1,1,E. Yates (CSF),C. Nunez (UCSB),Slider,Double on a Fly Ball,83.7,2364.9,72.2,26.5,2.80%
3-2,1,E. Yates (CSF),L. Mccollum (UCSB),Fastball,Pop Out,90.4,2114.8,84.6,65.9,80.60%
3-2,0,E. Yates (CSF),C. Kirtley (UCSB),Fastball,Fly Out,90.2,2210.8,83.7,31.7,96.60%
0-0,1,E. Yates (CSF),A. Parker (UCSB),Curveball,Double on a Line Drive,76.3,2396.4,77.9,14.8,98.20%
1-2,0,E. Yates (CSF),J. Newman jr. (UCSB),Fastball,Single on a Line Drive,90,2160,103.5,6.7,11.90%
3-2,0,E. Yates (CSF),N. Oakley (UCSB),Fastball,Fielder's Choice,91.6,2229.2,64.6,-45,0.00%
1-0,1,E. Yates (CSF),C. Nunez (UCSB),Fastball,Single on a Line Drive,89.6,2234.3,100.2,13.8,85.10%
0-0,0,E. Yates (CSF),Z. Darby (UCSB),Changeup,Ground Out,79.1,1855.3,97.3,-6.5,99.00%
1-0,1,E. Yates (CSF),C. Kirtley (UCSB),Fastball,Single on a Line Drive,89.9,2279.1,79.1,16.8,81.80%
3-2,2,E. Yates (CSF),J. Sundstrom (UCSB),Slider,Single on a Ground Ball,85.1,2451.6,106.4,0.6,73.50%
1-2,2,E. Yates (CSF),B. Mortensen (UCSB),Curveball,Line Out,78.1,2523.4,98.1,19,96.90%
0-0,0,T. Hinkel (CSF),N. Oakley (UCSB),Sinker,Fly Out,94.2,2231.1,106.4,38.6,97.30%
1-1,1,T. Hinkel (CSF),C. Nunez (UCSB),Sinker,Fly Out,93.8,2061.6,85.8,28.5,97.40%
2-2,2,T. Hinkel (CSF),L. Mccollum (UCSB),Slider,Double on a Line Drive,84.7,2130.5,98.1,12.2,97.40%
2-2,1,T. Hinkel (CSF),A. Parker (UCSB),Fastball,Ground Out,94.3,2098.9,72.9,-8.7,21.10%
1-2,0,F. Chester (CSF),L. Mccollum (UCSB),Slider,Ground Out,86.1,2322,75.2,-9.7,82.00%
1-1,1,F. Chester (CSF),Z. Darby (UCSB),Sinker,Single on a Line Drive,90.8,2113.4,90.6,19.3,86.60%
0-0,1,F. Chester (CSF),I. Brethowr (UCSB),Sinker,Ground Out,89.6,2060.5,64.7,-76.3,97.60%
1-0,2,F. Chester (CSF),A. Parker (UCSB),Sinker,Line Out,89.2,2208.3,90.2,11.9,74.80%
1-1,0,F. Chester (CSF),C. Kirtley (UCSB),Slider,Single on a Line Drive,84.8,2161.7,85,17.4,87.20%
0-0,1,F. Chester (CSF),J. Sundstrom (UCSB),Sinker,Double Play,90.6,2087.2,76.1,14,94.90%
1-2,1,F. Chester (CSF),N. Oakley (UCSB),Sinker,Ground Out,92.6,2179.4,97.3,-1,57.40%
1-2,2,F. Chester (CSF),L. Mccollum (UCSB),Sinker,Ground Out,90.9,2172,12.7,-36.2,0.90%
3-0,0,F. Chester (CSF),Z. Darby (UCSB),Sinker,Fly Out,89.5,2181.4,100.5,20.7,41.60%
0-0,1,F. Chester (CSF),I. Brethowr (UCSB),Sinker,Ground Out,89.4,2140.4,110.1,-0.6,96.20%
0-0,2,F. Chester (CSF),A. Parker (UCSB),Sinker,Single on a Line Drive,88.8,2052.5,102.7,10.6,97.40%
1-2,2,F. Chester (CSF),C. Kirtley (UCSB),Sinker,Fielder's Choice,90.1,2199.9,78.8,-4.2,92.90%
2-1,0,F. Chester (CSF),B. Mortensen (UCSB),Sinker,Home Run on a 416.90 ft Fly Ball,88.3,2114.3,106.4,33,98.10%
1-1,0,F. Chester (CSF),J. Sundstrom (UCSB),Sinker,Pop Out,88.6,2012.4,65.6,48.5,81.70%
1-2,1,F. Chester (CSF),C. Nunez (UCSB),Curveball,Fly Out,78.8,2140,96.2,38.7,97.00%
0-0,2,F. Chester (CSF),N. Oakley (UCSB),Changeup,Pop Out,77.5,1958.8,86.3,61.5,96.60%
0-1,0,F. Chester (CSF),L. Mccollum (UCSB),Sinker,Ground Out,88.8,2017.6,47.1,-20.2,30.70%
2-2,1,F. Chester (CSF),Z. Darby (UCSB),Sinker,Ground Out,90,1982.3,81.1,-64.8,13.00%
1-1,2,F. Chester (CSF),I. Brethowr (UCSB),Sinker,Ground Out,87.8,2035,52.7,-12.8,4.90%
1-1,0,F. Chester (CSF),A. Parker (UCSB),Fastball,Double on a Ground Ball,87.6,2017.2,86.5,-5.7,88.50%
0-1,0,F. Chester (CSF),C. Kirtley (UCSB),Curveball,Fly Out,77,2286.5,96.7,50.1,63.40%
0-0,1,F. Chester (CSF),B. Mortensen (UCSB),Curveball,Fly Out,77,2165,93.2,41,97.30%
2-1,1,J. Ingrassia (CSF),N. Oakley (UCSB),Sinker,Ground Out,90.9,2151,66.7,-3.8,44.60%
1-1,2,J. Ingrassia (CSF),L. Mccollum (UCSB),Sinker,Single on a Line Drive,91.4,2096.4,102,12.4,95.10%
0-1,0,J. Ingrassia (CSF),I. Brethowr (UCSB),Changeup,Ground Out,83.7,1598.5,49,-58.8,55.30%
2-2,0,T. Stultz (CSF),L. Mccollum (UCSB),Sinker,Ground Out,89.3,2290.1,101.5,4,78.40%
2-2,1,T. Stultz (CSF),Z. Darby (UCSB),Fastball,Single on a Ground Ball,88.8,2228.3,105.7,1.3,94.60%
2-1,1,T. Stultz (CSF),A. Parker (UCSB),Changeup,Ground Out,78.3,1600.3,56,-49.5,87.60%
2-0,0,T. Stultz (CSF),J. Sundstrom (UCSB),Fastball,Pop Out,88.5,2153.5,85.2,75.4,93.20%
1-2,1,T. Stultz (CSF),J. Sebring (UCSB),Fastball,Fielder's Choice,88.3,2158.9,62.3,-55.3,97.50%
1-2,2,T. Stultz (CSF),C. Nunez (UCSB),Slider,Reached on Error on a Ground Ball,76.4,2530.2,74.7,-13.9,12.30%
1-1,2,T. Stultz (CSF),N. Oakley (UCSB),Slider,Home Run on a 409.27 ft Fly Ball,78,2501.6,105,26.8,97.30%
1-0,2,T. Stultz (CSF),Z. Darby (UCSB),Sinker,Single on a Line Drive,88.5,2225.8,87.4,16,76.70%
1-1,2,T. Stultz (CSF),A. Parker (UCSB),Fastball,Line Out,88,2110.1,104.8,15.6,92.00%
0-0,0,T. Stultz (CSF),I. Brethowr (UCSB),Changeup,Double on a Line Drive,78.5,1645.6,102.2,15.7,81.80%
0-1,0,T. Stultz (CSF),C. Kirtley (UCSB),Sinker,Double on a Fly Ball,87.1,2032.5,96.5,25.4,95.60%
0-1,0,T. Stultz (CSF),J. Sundstrom (UCSB),Changeup,Home Run on a 407.09 ft Fly Ball,79.1,1478.5,107.8,29,97.40%
2-1,0,T. Stultz (CSF),J. Sebring (UCSB),Slider,Double on a Line Drive,84.3,2445.7,90.2,16.8,97.80%
0-2,0,T. Stultz (CSF),N. Oakley (UCSB),Slider,Fly Out,84.2,2297.4,86,40.6,96.60%
0-1,1,T. Stultz (CSF),L. Mccollum (UCSB),Fastball,Single on a Line Drive,87.7,2339.9,106.1,8.1,97.20%
0-0,1,J. Blood (CSF),A. Parker (UCSB),Fastball,Fielder's Choice,87,2113.1,57.5,-79,84.80%
2-2,2,J. Blood (CSF),I. Brethowr (UCSB),Changeup,Single on a Line Drive,76,1876.6,88.5,7.6,0.00%
1-1,2,J. Blood (CSF),C. Kirtley (UCSB),Changeup,Line Out,87,2081.7,110.5,6.1,94.10%
0-1,2,J. Blood (CSF),C. Nunez (UCSB),Sinker,Single on a Ground Ball,88.2,2063.4,99.3,1.6,98.10%
0-1,0,J. Blood (CSF),L. Mccollum (UCSB),Curveball,Fly Out,76,2135.7,89,21.1,77.00%
0-0,1,J. Blood (CSF),Z. Darby (UCSB),Fastball,Single on a Ground Ball,87.6,2125.9,89.3,4.3,97.70%
2-1,1,J. Blood (CSF),I. Brethowr (UCSB),Sinker,Ground Out,87.5,2059.7,60.3,-5.1,92.30%
1-2,2,J. Blood (CSF),C. Kirtley (UCSB),Changeup,Ground Out,75.6,2090.9,78.1,-15.4,37.80%
0-1,0,S. Tomczak (CSF),J. Sundstrom (UCSB),Slider,Pop Out,82.9,2287,77.2,57.1,97.50%
0-0,2,S. Tomczak (CSF),C. Nunez (UCSB),Fastball,Reached on Error on a Ground Ball,93.9,2069,80.9,-1.5,98.00%
0-2,0,S. Tomczak (CSF),L. Mccollum (UCSB),Slider,Single on a Line Drive,85.1,2395.7,95.2,17.6,96.20%
3-2,0,S. Tomczak (CSF),Z. Darby (UCSB),Slider,Ground Out,81,2253.3,78.3,-10.3,97.10%
3-2,1,S. Tomczak (CSF),A. Parker (UCSB),Sinker,Fly Out,92.6,2155.1,94.6,34.1,92.80%
1-0,2,S. Tomczak (CSF),L. Mosby (UCSB),Fastball,Pop Out,91.6,2174.1,96.4,67.7,56.90%
0-1,0,C. Herrera (CSF),C. Kirtley (UCSB),Changeup,Double on a Fly Ball,79.5,2174.4,108.1,21.3,94.30%
0-1,0,C. Herrera (CSF),J. Sundstrom (UCSB),Sinker,Single on a Line Drive,87.5,1897,109.1,10.7,98.10%
3-2,1,C. Herrera (CSF),C. Nunez (UCSB),Fastball,Pop Out,87.7,2086.3,59.4,62.1,14.10%
2-1,2,C. Herrera (CSF),N. Oakley (UCSB),Changeup,Home Run on a 424.24 ft Fly Ball,79.8,2075,98.1,27.5,96.80%
2-0,1,C. Herrera (CSF),A. Parker (UCSB),Fastball,Fly Out,87.6,2174.7,102.6,33.3,89.90%
0-1,0,T. Garcia (FRES),L. Mccollum (UCSB),Slider,Single on a Line Drive,79,2380.7,75.7,20.3,95.70%
1-2,0,T. Garcia (FRES),A. Parker (UCSB),Changeup,Fly Out,79.4,1829.8,94.5,40.8,96.50%
2-0,1,T. Garcia (FRES),Z. Darby (UCSB),Changeup,Ground Out,79.3,1837.4,35.3,-37.9,97.80%
2-2,0,J. Anker (FRES),C. Kirtley (UCSB),Fastball,Home Run on a Fly Ball,91.6,1912.1,105.1,28.4,75.40%
0-2,0,J. Anker (FRES),J. Newman jr. (UCSB),Sinker,Fielder's Choice,90.1,2126.6,52.1,-24.9,73.10%
1-0,1,J. Anker (FRES),J. Sundstrom (UCSB),Fastball,Double Play,90.3,2211,92.4,-9,98.00%
0-0,1,J. Anker (FRES),C. Nunez (UCSB),Slider,Fly Out,83.4,1993.4,81,38.3,98.00%
0-2,2,J. Anker (FRES),L. Mccollum (UCSB),Fastball,Ground Out,92.2,2163.9,78.5,-17,95.20%
0-0,0,T. Hopfe (FRES),A. Parker (UCSB),Sinker,Home Run on a 418.67 ft Fly Ball,93.6,2159.8,103.3,27.3,95.90%
0-0,0,T. Hopfe (FRES),C. Kirtley (UCSB),Sinker,Single on a Line Drive,91,2129.1,104.3,6.6,97.80%
0-1,0,T. Hopfe (FRES),B. Mortensen (UCSB),Sinker,Home Run on a Fly Ball,91.4,2203,105.2,34.7,95.20%
0-0,0,T. Hopfe (FRES),J. Newman jr. (UCSB),Slider,Ground Out,86,2412.2,43.6,-36.7,49.40%
0-0,1,T. Hopfe (FRES),J. Sundstrom (UCSB),Sinker,Fly Out,91.8,2191.5,102.2,43.5,73.60%
1-2,0,J. Dixon (FRES),L. Mccollum (UCSB),Fastball,Ground Out,89.8,2240.6,61,6.1,61.50%
0-1,0,J. Dixon (FRES),J. Sundstrom (UCSB),Fastball,Pop Out,87.6,2284.8,89.1,83.8,78.10%
1-2,2,J. Dixon (FRES),J. Newman jr. (UCSB),Fastball,Fly Out,89.2,2281.9,94.5,32.6,94.20%
0-0,0,J. Dixon (FRES),B. Mortensen (UCSB),Fastball,Ground Out,87.1,2220.9,88.2,-12.2,53.70%
3-2,2,J. Dixon (FRES),N. Oakley (UCSB),Fastball,Line Out,88.1,2177.1,106.7,5.8,60.00%
0-0,0,J. Dixon (FRES),Z. Darby (UCSB),Changeup,Double Play,84.9,2446.6,83.1,1.3,96.70%
0-0,2,J. Dixon (FRES),C. Kirtley (UCSB),Fastball,Fly Out,89.8,2311.3,79.4,28.9,53.70%
0-0,2,J. Dixon (FRES),J. Newman jr. (UCSB),Sinker,Single on a Ground Ball,89,2111.9,97.8,-7.2,49.40%
2-1,2,J. Dixon (FRES),B. Mortensen (UCSB),Fastball,Ground Out,89.4,2136.6,65.5,-31.8,84.10%
1-1,1,J. Dixon (FRES),N. Oakley (UCSB),Slider,Fly Out,83.5,2463.3,95.1,51.6,94.60%
3-2,2,J. Dixon (FRES),L. Mccollum (UCSB),Cutter,Double on a Fly Ball,84.5,2245.4,80.6,26.8,97.70%
2-1,0,J. Dixon (FRES),C. Kirtley (UCSB),Cutter,Pop Out,84.4,2269,84.6,46.9,98.00%
0-1,1,J. Dixon (FRES),J. Sundstrom (UCSB),Fastball,Line Out,88.1,2034.1,96.1,18,97.30%
0-1,2,J. Dixon (FRES),A. Parker (UCSB),Changeup,Home Run on a 415.47 ft Fly Ball,80.3,1962.5,100.9,28.1,24.50%
1-1,0,J. Dixon (FRES),J. Sebring (UCSB),Slider,Single on a Line Drive,85,2457.7,90.9,15.9,97.60%
0-0,1,J. Dixon (FRES),N. Oakley (UCSB),Cutter,Fly Out,85.5,2465.9,99.2,40.9,92.30%
0-0,2,J. Dixon (FRES),L. Mccollum (UCSB),Fastball,Single on a Fly Ball,88.9,2248.2,64.7,41.7,39.40%
1-1,0,Z. Statzer (FRES),C. Kirtley (UCSB),Fastball,Single on a Ground Ball,90.3,2167.9,95.2,-8.7,96.30%
1-0,1,Z. Statzer (FRES),J. Newman jr. (UCSB),Fastball,Home Run on a Fly Ball,90.9,2076.8,98.5,32.4,97.70%
0-1,1,Z. Statzer (FRES),J. Sebring (UCSB),Slider,Pop Out,82.5,2329,79.3,57.8,92.60%
1-2,2,Z. Statzer (FRES),J. Trimble (UCSB),Sinker,Ground Out,91.3,2097.9,71.5,-18.9,26.30%
1-0,0,I. Henderson (FRES),I. Brethowr (UCSB),Changeup,Home Run on a Fly Ball,80.2,1291.6,106.7,24.1,98.10%
2-2,0,I. Henderson (FRES),A. Parker (UCSB),Sinker,Fly Out,91,2102.2,87.2,51.7,80.40%
1-2,2,I. Henderson (FRES),Z. Darby (UCSB),Slider,Fly Out,79.1,2416.5,81.6,32.9,92.40%
0-0,2,I. Henderson (FRES),A. Parker (UCSB),Fastball,Fly Out,90.3,2205.6,94,34.5,97.90%
0-0,0,I. Henderson (FRES),C. Kirtley (UCSB),Fastball,Fly Out,89.4,2260.6,99.6,41.3,95.70%
0-1,1,I. Henderson (FRES),J. Sebring (UCSB),Fastball,Fielder's Choice,89.9,2189.5,104.3,2.9,70.70%
2-0,0,I. Henderson (FRES),C. Nunez (UCSB),Sinker,Ground Out,89.3,2170.9,67.4,-61.3,69.30%
3-2,1,I. Henderson (FRES),N. Oakley (UCSB),Fastball,Fly Out,90.6,2135.9,92,48.5,66.80%
1-1,2,I. Henderson (FRES),B. Mortensen (UCSB),Slider,Fly Out,76.6,2393,92.6,28.6,81.40%
2-1,2,I. Henderson (FRES),J. Sundstrom (UCSB),Sinker,Pop Out,91.2,2195.3,79.9,67.8,97.50%
1-1,0,I. Henderson (FRES),J. Sebring (UCSB),Changeup,Fly Out,78.9,1204,90.3,36.9,79.30%
2-1,1,I. Henderson (FRES),L. Mccollum (UCSB),Fastball,Ground Out,91.2,2046.8,73.6,-9.5,95.60%
2-2,2,I. Henderson (FRES),Z. Darby (UCSB),Fastball,Single on a Ground Ball,92.4,2350.8,30.6,-15.5,54.40%
2-1,1,V. Arreola (FRES),N. Oakley (UCSB),Changeup,Fly Out,80.1,1942.1,81.2,35.7,55.40%
0-1,0,V. Arreola (FRES),A. Parker (UCSB),Sinker,Ground Out,89.9,2099.7,59.7,-44.2,95.20%
1-2,1,V. Arreola (FRES),C. Kirtley (UCSB),Slider,Home Run on a Fly Ball,78,2341.6,105.8,25.9,96.50%
0-0,1,V. Arreola (FRES),J. Sundstrom (UCSB),Fastball,Double on a Line Drive,91.3,2067.8,101.3,13.5,85.60%
2-0,2,V. Arreola (FRES),L. Mccollum (UCSB),Sinker,Single on a Ground Ball,89.9,2028.8,105.1,4.3,88.90%
0-0,2,V. Arreola (FRES),Z. Darby (UCSB),Changeup,Line Out,80.2,1974.8,80.9,6.2,95.00%
1-1,0,K. Pallares (CSN),I. Brethowr (UCSB),Fastball,Fly Out,91.4,2135.9,93.3,24.6,65.70%
2-1,1,K. Pallares (CSN),Z. Darby (UCSB),Sinker,Line Out,90.7,2114.4,98.1,5.5,87.20%
0-2,2,K. Pallares (CSN),C. Kirtley (UCSB),Slider,Home Run on a 421.08 ft Fly Ball,84.1,2241,102.9,23.3,98.00%
3-1,2,K. Pallares (CSN),B. Mortensen (UCSB),Fastball,Ground Out,92,2182.4,101.5,-4.9,14.40%
3-2,0,K. Pallares (CSN),A. Parker (UCSB),Fastball,Single on a Line Drive,92.4,2223.4,100.9,16.3,96.90%
2-2,0,K. Pallares (CSN),J. Sundstrom (UCSB),Fastball,Home Run on a 424.12 ft Fly Ball,91.6,2219.2,102.6,29.1,97.20%
1-0,0,K. Pallares (CSN),L. Mccollum (UCSB),Fastball,Single on a Line Drive,91,2211.8,100.4,8.3,32.80%
1-1,1,K. Pallares (CSN),I. Brethowr (UCSB),Fastball,Double Play,91.2,2192.3,100,-23.4,86.90%
0-1,0,R. Wentz (CSN),Z. Darby (UCSB),Fastball,Home Run on a 420.87 ft Fly Ball,93.4,2224.6,103.8,31.7,98.50%
0-0,0,R. Wentz (CSN),C. Kirtley (UCSB),Fastball,Single on a Line Drive,93.3,2244.3,76.7,19.4,97.90%
3-0,0,R. Wentz (CSN),A. Parker (UCSB),Fastball,Fly Out,92.5,2262,91.9,21.9,97.00%
3-2,1,J. Mocherman (CSN),C. Nunez (UCSB),Changeup,Single on a Ground Ball,88.5,2316.6,96,-0.5,95.90%
0-0,1,J. Mocherman (CSN),I. Brethowr (UCSB),Slider,Single on a Line Drive,78.7,1943.5,65.7,24.8,85.60%
3-2,0,J. Mocherman (CSN),A. Parker (UCSB),Sinker,Line Out,87.7,2248.2,77.7,13.9,0.00%
2-2,1,J. Mocherman (CSN),J. Sundstrom (UCSB),Curveball,Home Run on a 415.91 ft Fly Ball,78.8,1968.6,104.5,29.7,97.90%
3-2,2,J. Mocherman (CSN),C. Nunez (UCSB),Changeup,Triple on a Fly Ball,86.4,2126.9,96.8,26.6,93.60%
1-1,2,J. Mocherman (CSN),I. Brethowr (UCSB),Changeup,Single on a Ground Ball,82.6,2318,55.3,8.1,32.60%
1-1,2,J. Mocherman (CSN),Z. Darby (UCSB),Slider,Fly Out,79.6,2102.5,85.7,42.9,93.60%
0-0,0,A. Colin (CSN),C. Kirtley (UCSB),Fastball,Fly Out,87.3,2050.7,99.5,41.4,96.90%
0-1,2,N. Feist (CSN),N. Oakley (UCSB),Changeup,Ground Out,79.1,1663.9,91.3,-17.7,43.00%
0-0,0,N. Feist (CSN),C. Nunez (UCSB),Fastball,Fly Out,86.9,2074.2,94.8,21.8,96.00%
2-1,1,N. Feist (CSN),I. Brethowr (UCSB),Fastball,Pop Out,87.1,2145.1,56.8,79.2,96.30%
0-2,2,N. Feist (CSN),Z. Darby (UCSB),Changeup,Line Out,81.3,1685.3,102.8,8.4,94.10%
0-1,0,N. Feist (CSN),C. Kirtley (UCSB),Sinker,Ground Out,87.3,2062.8,73.1,-8.5,92.60%
0-0,1,N. Feist (CSN),L. Mosby (UCSB),Fastball,Fly Out,86.8,2134.1,88.4,37.6,98.60%
0-0,2,N. Feist (CSN),A. Parker (UCSB),Fastball,Triple on a Fly Ball,87.2,2169.7,87.8,34.9,87.70%
3-2,2,N. Feist (CSN),J. Sundstrom (UCSB),Fastball,Pop Out,87.9,1968.1,86.5,75.4,90.80%
1-2,0,N. Feist (CSN),L. Mccollum (UCSB),Curveball,Line Out,76.5,2268.1,98.3,5.1,72.10%
0-0,1,N. Feist (CSN),N. Oakley (UCSB),Changeup,Fly Out,86.3,1818.6,101.5,21,96.40%
1-0,2,N. Feist (CSN),C. Nunez (UCSB),Slider,Line Out,76.1,2145.7,93.1,7.9,77.60%
0-2,1,T. Bainton (CSN),Z. Darby (UCSB),Changeup,Fly Out,80.9,2073.2,78.8,39.5,72.50%
3-1,2,T. Bainton (CSN),A. Parker (UCSB),Fastball,Ground Out,91.2,2218.5,97.7,-42.7,83.10%
0-2,0,T. Bainton (CSN),J. Williams (UCSB),Changeup,Pop Out,78,1925.1,68.4,45.4,12.20%
3-1,0,T. Bainton (CSN),J. Newman jr. (UCSB),Fastball,Fly Out,89.9,2335,95.7,27.4,97.90%
1-2,1,T. Bainton (CSN),C. Nunez (UCSB),Fastball,Ground Out,92.1,2314.2,95.4,-4.5,92.30%
1-1,0,T. Bainton (CSN),Z. Darby (UCSB),Fastball,Single on a Ground Ball,91.7,2310,104.4,4.3,54.40%
0-0,0,T. Bainton (CSN),B. Mortensen (UCSB),Changeup,Fly Out,78.4,1936.7,99.1,21.5,98.10%
0-2,1,T. Bainton (CSN),J. Williams (UCSB),Changeup,Pop Out,80.9,2018.2,64.1,70.2,23.20%
1-2,2,T. Bainton (CSN),L. Mccollum (UCSB),Changeup,Single on a Ground Ball,80.5,2042.1,90.7,0.9,14.00%
2-2,2,T. Bainton (CSN),N. Oakley (UCSB),Changeup,Ground Out,79.3,2135.5,86.5,-59.2,40.00%
2-2,0,T. Bainton (CSN),J. Newman jr. (UCSB),Slider,Single on a Line Drive,77.4,2405.9,76.2,16.9,65.30%
1-1,2,T. Bainton (CSN),Z. Darby (UCSB),Sinker,Fly Out,90.7,2184.6,94.3,42.9,86.80%
3-2,0,T. Bainton (CSN),A. Parker (UCSB),Fastball,Ground Out,91.3,2322.5,81.7,-26.9,96.10%
0-1,1,T. Bainton (CSN),B. Mortensen (UCSB),Changeup,Double on a Line Drive,80.6,2260.5,102.8,16.1,78.00%
0-0,1,T. Bainton (CSN),J. Williams (UCSB),Changeup,Ground Out,77.6,2096.1,55.1,-74.4,98.00%
0-0,2,T. Bainton (CSN),L. Mccollum (UCSB),Fastball,Ground Out,91,2233.3,83,-30.9,98.60%
3-2,0,T. Bainton (CSN),N. Oakley (UCSB),Fastball,Hit By Pitch,91.6,2407.9,26.3,6.1,0.00%
0-0,0,T. Bainton (CSN),J. Newman jr. (UCSB),Fastball,Line Out,88.8,2324.5,108,16.4,85.00%
2-2,1,T. Bainton (CSN),I. Brethowr (UCSB),Fastball,Single on a Ground Ball,89.8,2196.8,104.1,3.6,62.50%
3-2,1,I. Ontiveros (CSN),Z. Darby (UCSB),Curveball,Single on a Line Drive,73.8,2350.5,87.7,13.4,40.30%
0-1,1,I. Ontiveros (CSN),A. Parker (UCSB),Changeup,Single on a Line Drive,77.7,1456.1,82.3,19,38.10%
3-2,0,J. Romero (CSN),J. Trimble (UCSB),Sinker,Single on a Line Drive,89.2,2211.5,93.1,16.9,94.70%
3-2,1,J. Romero (CSN),Z. Darby (UCSB),Sinker,Fielder's Choice,88.9,2168.1,92.4,-25.6,95.30%
1-1,2,J. Romero (CSN),A. Parker (UCSB),Sinker,Fielder's Choice,89.2,2226.8,89.5,-1.2,97.20%
1-0,1,L. Braun (CSN),A. Parker (UCSB),Fastball,Ground Out,91.3,2154.2,72.2,-49.2,69.50%
0-0,0,L. Braun (CSN),J. Sebring (UCSB),Fastball,Reached on Error on a Ground Ball,93.4,2084.3,85.4,-10.1,97.10%
1-2,0,L. Braun (CSN),L. Mccollum (UCSB),Curveball,Single on a Line Drive,78.1,2213.6,94.3,5.6,90.80%
0-0,0,L. Braun (CSN),J. Sundstrom (UCSB),Sinker,Pop Out,91.8,2044.9,66.8,68.2,95.10%
1-2,1,L. Braun (CSN),N. Oakley (UCSB),Curveball,Single on a Ground Ball,80.6,2302.9,98.3,-11.2,8.20%
0-0,1,L. Braun (CSN),C. Nunez (UCSB),Fastball,Double Play,91.2,2141.7,92.3,-7.8,98.00%
1-2,0,L. Braun (CSN),I. Brethowr (UCSB),Curveball,Ground Out,80.8,2394.8,104.4,-11.6,96.60%
0-0,1,L. Braun (CSN),Z. Darby (UCSB),Changeup,Fly Out,83.9,1955.8,80.3,34.3,97.50%
2-2,0,L. Braun (CSN),J. Sebring (UCSB),Slider,Fielder's Choice,82,2352.2,93.5,-14,97.00%
0-0,0,L. Braun (CSN),J. Sundstrom (UCSB),Curveball,Fly Out,78,2202.2,105.5,26.1,98.30%
0-2,1,L. Braun (CSN),N. Oakley (UCSB),Fastball,Single on a Line Drive,92.7,2017.3,102.9,11.6,76.90%
1-1,2,L. Braun (CSN),A. Parker (UCSB),Fastball,Fielder's Choice,93.5,2236.5,78.7,-30.2,93.90%
3-1,0,L. Braun (CSN),C. Kirtley (UCSB),Fastball,Ground Out,92.1,2195.7,97.9,-9.6,97.20%
2-2,1,L. Braun (CSN),J. Sebring (UCSB),Slider,Ground Out,83.9,2445.5,91.8,-9.5,97.10%
1-2,2,L. Braun (CSN),L. Mccollum (UCSB),Slider,Single on a Ground Ball,83,2481.4,98.5,-6.9,96.50%
1-0,0,L. Braun (CSN),N. Oakley (UCSB),Fastball,Double on a Fly Ball,92.5,2103.4,98.2,20.7,98.70%
0-0,1,L. Braun (CSN),I. Brethowr (UCSB),Slider,Single on a Ground Ball,84.5,2333.7,81.1,-17,81.70%
3-2,1,H. Cody (CSN),Z. Darby (UCSB),Sinker,Ground Out,91.2,2150.3,84.6,-34.6,95.60%
1-2,0,H. Cody (CSN),J. Sebring (UCSB),Curveball,Single on a Ground Ball,77.5,2620.6,78.2,0.6,5.00%
1-2,0,H. Cody (CSN),B. Mortensen (UCSB),Curveball,Double Play,76.5,2410,87.7,6.4,91.90%
0-0,2,H. Cody (CSN),N. Oakley (UCSB),Sinker,Bunt Pop Out,90.7,2181.8,43.9,28.2,98.10%
0-0,0,J. Schuerman (CSB),I. Brethowr (UCSB),Fastball,Fly Out,89.9,2099.7,86.8,23.8,97.50%
1-1,1,J. Schuerman (CSB),A. Parker (UCSB),Curveball,Single on a Ground Ball,78.7,2470.3,90.4,-5.1,96.60%
1-1,2,J. Schuerman (CSB),B. Mortensen (UCSB),Curveball,Single on a Line Drive,78,2484.3,92.4,15.1,95.50%
0-1,2,J. Schuerman (CSB),J. Sebring (UCSB),Fastball,Reached on Error on a Ground Ball,91.3,2136.7,100.6,-11.6,95.10%
0-0,2,J. Schuerman (CSB),J. Williams (UCSB),Curveball,Pop Out,78.3,2276.4,82.8,54.9,34.00%
0-0,0,J. Schuerman (CSB),L. Mccollum (UCSB),Fastball,Fly Out,89.1,2058,93.3,35.9,98.50%
2-0,1,J. Schuerman (CSB),C. Nunez (UCSB),Fastball,Ground Out,89.4,2108.1,98.8,-14.5,98.80%
2-2,2,J. Schuerman (CSB),I. Brethowr (UCSB),Fastball,Ground Out,90.4,2144.6,50.4,-29.2,71.70%
0-0,0,J. Schuerman (CSB),Z. Darby (UCSB),Fastball,Home Run on a Fly Ball,88.3,2108.1,108.7,24.8,94.80%
0-0,0,J. Schuerman (CSB),A. Parker (UCSB),Fastball,Ground Out,88,2056.4,95.7,-33.1,95.00%
0-2,1,J. Schuerman (CSB),C. Kirtley (UCSB),Fastball,Pop Out,90,2273,99.4,62.6,87.10%
2-2,2,J. Schuerman (CSB),B. Mortensen (UCSB),Fastball,Home Run on a 410.12 ft Fly Ball,90.3,2267.2,92.4,31.2,97.20%
1-1,2,J. Schuerman (CSB),J. Sebring (UCSB),Fastball,Fly Out,91.6,2205.8,99.3,27,46.20%
1-0,0,J. Schuerman (CSB),J. Williams (UCSB),Fastball,Fly Out,87.6,2105.8,99.6,33.5,99.40%
1-2,1,J. Schuerman (CSB),L. Mccollum (UCSB),Curveball,Single on a Ground Ball,77.2,2460.3,68.4,-10.3,98.30%
1-0,1,J. Schuerman (CSB),A. Parker (UCSB),Fastball,Single on a Line Drive,86.9,1969.2,100.3,12,24.90%
2-1,1,J. Schuerman (CSB),C. Kirtley (UCSB),Fastball,Fly Out,90.1,2365.3,90.6,25.1,72.00%
3-2,2,G. Ulloa (CSB),B. Mortensen (UCSB),Changeup,Fly Out,83.9,1919.4,97.5,42.2,95.30%
1-1,0,G. Ulloa (CSB),J. Sebring (UCSB),Sinker,Single on a Line Drive,89.9,2262.9,108.7,12.7,97.30%
2-2,0,G. Ulloa (CSB),J. Williams (UCSB),Curveball,Sac Fly,81.3,2392,96.2,36.7,91.70%
1-0,2,G. Ulloa (CSB),C. Nunez (UCSB),Sinker,Pop Out,90,2362.2,67,49.8,42.70%
1-1,0,D. Butler (CSB),I. Brethowr (UCSB),Curveball,Line Out,78.5,1826.8,93,14.5,97.40%
3-2,1,D. Butler (CSB),Z. Darby (UCSB),Slider,Fly Out,79.5,1916.6,85.5,52.9,68.70%
0-2,2,D. Butler (CSB),A. Parker (UCSB),Slider,Fly Out,81.5,1799.2,88.6,55.5,69.00%
1-1,0,D. Butler (CSB),C. Kirtley (UCSB),Slider,Line Out,79.7,1800.1,97.8,19,94.30%
1-2,2,D. Butler (CSB),J. Sebring (UCSB),Slider,Line Out,79.2,1964.1,42.1,14.8,38.30%
3-2,0,D. Butler (CSB),J. Williams (UCSB),Curveball,Reached on Error on a Ground Ball,79.7,1969.7,88.2,-6.3,95.30%
2-1,0,D. Butler (CSB),I. Brethowr (UCSB),Changeup,Single on a Line Drive,88.4,1818.9,109.8,7.3,97.80%
3-1,2,M. Comnos (CSB),C. Kirtley (UCSB),Fastball,Home Run on a 426.40 ft Fly Ball,86.9,2188.9,106.4,38.2,97.70%
3-1,0,M. Comnos (CSB),J. Sundstrom (UCSB),Fastball,Fly Out,87.8,2245.2,102.2,44.6,95.90%
2-2,1,M. Comnos (CSB),C. Nunez (UCSB),Changeup,Fly Out,79.1,2296.4,75.6,35.7,35.40%
0-1,0,M. Comnos (CSB),A. Parker (UCSB),Fastball,Fly Out,87.5,2271.4,96.9,32.8,80.40%
2-1,2,M. Comnos (CSB),C. Nunez (UCSB),Fastball,Ground Out,87.7,2136.5,93.8,-10.4,97.50%
1-1,0,M. Comnos (CSB),J. Newman jr. (UCSB),Changeup,Fly Out,80.6,2091.9,101,29.9,96.40%
3-1,1,M. Comnos (CSB),L. Mccollum (UCSB),Fastball,Single on a Line Drive,87.7,2203.9,107,8.8,96.10%
2-2,2,M. Comnos (CSB),I. Brethowr (UCSB),Sinker,Single on a Fly Ball,87.8,2276.7,70.7,27.4,59.50%
0-1,2,M. Comnos (CSB),A. Parker (UCSB),Sinker,Reached on Error on a Line Drive,86.9,2283.2,103.3,9.2,97.60%
1-1,1,T. Wright (CSB),J. Newman jr. (UCSB),Slider,Pop Out,79,2142.9,77.5,72.2,96.60%
3-2,2,T. Wright (CSB),L. Mccollum (UCSB),Fastball,Single on a Ground Ball,89,1835.7,102.8,2.7,33.20%
0-2,2,T. Wright (CSB),A. Parker (UCSB),Slider,Fly Out,78.3,2265.7,94.8,46.6,45.30%
3-2,1,M. Saldana (CSB),N. Oakley (UCSB),Fastball,Pop Out,89,2313.9,91.5,64.5,95.40%
0-1,2,M. Saldana (CSB),J. Sundstrom (UCSB),Changeup,Single on a Ground Ball,80.9,1743.2,88.6,-8.2,1.80%
3-2,2,M. Saldana (CSB),C. Nunez (UCSB),Fastball,Fly Out,88.1,2338.8,90.7,56.9,96.70%
0-1,0,M. Saldana (CSB),J. Newman jr. (UCSB),Changeup,Reached on Error on a Ground Ball,79.6,1761.5,78.5,-30.1,75.20%
2-2,1,M. Saldana (CSB),I. Brethowr (UCSB),Fastball,Double Play,89.6,2210.6,28.5,50.7,4.00%
2-2,0,R. Verdugo (CSB),I. Brethowr (UCSB),Fastball,Ground Out,92.4,2400.3,91.2,-14.3,97.10%
0-1,1,R. Verdugo (CSB),A. Parker (UCSB),Fastball,Fly Out,91.6,2346.8,92,45.7,94.80%
0-0,2,R. Verdugo (CSB),Z. Darby (UCSB),Slider,Ground Out,82,2826.8,64.5,-33.2,95.60%
2-2,0,R. Verdugo (CSB),C. Kirtley (UCSB),Slider,Fly Out,81.2,2763.5,100.2,39.9,95.30%
0-1,1,R. Verdugo (CSB),J. Sebring (UCSB),Fastball,Fly Out,92.6,2293,89.9,33.5,52.40%
3-1,0,R. Verdugo (CSB),C. Nunez (UCSB),Fastball,Ground Out,89.3,2316.2,86.7,-17.5,59.70%
1-1,1,R. Verdugo (CSB),N. Oakley (UCSB),Slider,Fly Out,82.2,2753.9,84.2,41.8,94.40%
0-1,1,R. Verdugo (CSB),A. Parker (UCSB),Fastball,Fly Out,89.2,2319.7,98,45.6,96.00%
0-0,0,R. Verdugo (CSB),C. Nunez (UCSB),Slider,Line Out,79,2641.7,101,16.2,61.70%
1-0,1,R. Verdugo (CSB),N. Oakley (UCSB),Changeup,Ground Out,82.7,1859,88.2,-4.8,98.80%
2-0,2,R. Verdugo (CSB),L. Mccollum (UCSB),Fastball,Single on a Ground Ball,88.9,2212,106.7,-0.1,87.00%
1-2,0,R. Verdugo (CSB),I. Brethowr (UCSB),Slider,Single on a Line Drive,80,2837.6,99.9,8.9,96.50%
0-0,0,R. Verdugo (CSB),Z. Darby (UCSB),Changeup,Home Run on a 414.39 ft Fly Ball,82,1954.3,107.7,25.9,97.00%
2-1,0,R. Verdugo (CSB),C. Kirtley (UCSB),Sinker,Fly Out,89,2377.5,50.6,42.8,20.60%
1-2,1,R. Verdugo (CSB),J. Sebring (UCSB),Slider,Pop Out,78.3,2715.2,69.2,69.1,27.20%
3-1,2,R. Verdugo (CSB),B. Mortensen (UCSB),Fastball,Single on a Line Drive,88.5,2377.3,109.3,16.8,96.60%
2-1,2,R. Verdugo (CSB),C. Nunez (UCSB),Fastball,Single on a Ground Ball,85.3,2287.8,76.8,3.5,2.60%
1-2,0,G. Ulloa (CSB),I. Brethowr (UCSB),Curveball,Home Run on a 418.03 ft Fly Ball,79.6,2260.5,110.9,29.6,97.40%
0-0,0,G. Ulloa (CSB),A. Parker (UCSB),Sinker,Ground Out,87.5,2278.6,92,-5.1,80.60%
2-2,1,G. Ulloa (CSB),Z. Darby (UCSB),Sinker,Single on a Ground Ball,89.6,2400.7,102.7,-1.2,97.00%
1-2,1,G. Ulloa (CSB),C. Kirtley (UCSB),Fastball,Single on a Line Drive,88.4,2232.4,95.8,13.3,96.10%
0-0,1,G. Ulloa (CSB),J. Williams (UCSB),Curveball,Single on a Bunt Ground Ball,76,2106.2,38.4,-29,95.00%
0-2,1,G. Ulloa (CSB),B. Mortensen (UCSB),Changeup,Fielder's Choice,83.4,1967.7,65.8,-32.9,97.50%
1-2,0,J. Galicia (LMU),Z. Darby (UCSB),Sinker,Fly Out,87.1,2144.1,89.4,21.5,81.10%
1-0,1,J. Galicia (LMU),C. Kirtley (UCSB),Fastball,Fly Out,86.6,2183.3,91.9,43,98.40%
1-0,2,J. Galicia (LMU),B. Mortensen (UCSB),Sinker,Fly Out,87.4,2236.5,94.8,24.2,97.20%
1-0,0,J. Galicia (LMU),J. Sebring (UCSB),Sinker,Hit By Pitch,86.9,2197.5,47.7,11.1,0.00%
3-1,0,J. Galicia (LMU),N. Oakley (UCSB),Changeup,Home Run on a 414.40 ft Fly Ball,85.3,2123.4,106.2,28.5,97.50%
1-0,0,J. Galicia (LMU),L. Mccollum (UCSB),Sinker,Single on a Ground Ball,88.1,2204.1,84.6,-17.6,89.40%
2-1,0,R. Mullan (LMU),C. Nunez (UCSB),Fastball,Ground Out,89.7,2138.3,82.2,-13,98.10%
2-1,2,R. Mullan (LMU),C. Kirtley (UCSB),Fastball,Fly Out,87.9,2205.8,89.2,33.3,85.20%
2-2,0,C. Mcroberts (LMU),B. Mortensen (UCSB),Fastball,Fly Out,89.4,2281.3,99.9,46.2,98.80%
0-0,2,C. Mcroberts (LMU),N. Oakley (UCSB),Sinker,Single on a Bunt Ground Ball,89.2,2239.4,41.4,-47.3,98.50%
0-0,2,W. Grimm (LMU),C. Nunez (UCSB),Changeup,Fly Out,80.8,1940,85.3,54.3,97.20%
0-0,0,W. Grimm (LMU),I. Brethowr (UCSB),Changeup,Pop Out,77.8,1786,73,59.6,32.70%
0-0,1,W. Grimm (LMU),Z. Darby (UCSB),Changeup,Double on a Fly Ball,80.2,1848.1,100.5,20.3,97.00%
0-1,1,W. Grimm (LMU),A. Parker (UCSB),Curveball,Home Run on a Fly Ball,74.8,1956,97.5,32.8,97.30%
0-0,1,D. Chase (LMU),J. Sebring (UCSB),Changeup,Single on a Ground Ball,87.4,1958.3,92.5,0.2,92.00%
1-0,1,D. Chase (LMU),N. Oakley (UCSB),Changeup,Ground Out,80.6,1781.1,79,-24.7,98.80%
1-0,2,D. Chase (LMU),C. Nunez (UCSB),Changeup,Fly Out,87.6,1876.1,84.9,35.8,93.00%
1-0,0,C. Kershaw (LMU),I. Brethowr (UCSB),Slider,Double on a Ground Ball,81.2,2154.8,88.4,-15.6,89.30%
3-2,0,C. Kershaw (LMU),A. Parker (UCSB),Sinker,Single on a Line Drive,87.3,1992.6,96.5,7.5,89.90%
1-2,1,L. Hurd (LMU),C. Nunez (UCSB),Sinker,Ground Out,89.2,1736.6,73,-8.8,30.80%
2-0,0,C. Chimenti (LMU),Z. Darby (UCSB),Changeup,Pop Out,84.6,2327.5,87,86.5,97.20%
1-2,2,C. Chimenti (LMU),J. Sebring (UCSB),Slider,Triple on a Line Drive,75.9,2160.4,100.4,19.9,76.90%
1-2,1,D. Watson (LMU),L. Mccollum (UCSB),Slider,Single on a Line Drive,83.3,2225.5,72.5,18.8,9.20%
1-2,1,D. Watson (LMU),I. Brethowr (UCSB),Slider,Home Run on a 407.93 ft Fly Ball,83.2,2171,106.1,22.6,6.10%
1-0,1,A. Schroeder (LMU),Z. Darby (UCSB),Changeup,Double on a Line Drive,87.3,1909.5,100.4,19.1,92.50%
1-2,1,A. Schroeder (LMU),A. Parker (UCSB),Fastball,Single on a Line Drive,87.5,2031.1,95.5,5.4,60.00%
0-1,1,C. Clark (LMU),J. Sundstrom (UCSB),Sinker,Pop Out,87.9,2116.1,84.5,63.3,94.70%
1-2,1,B. O'neill (HALL),J. Newman jr. (UCSB),Slider,Single on a Line Drive,82.5,2439.8,105.7,12.5,72.90%
3-1,1,B. O'neill (HALL),A. Parker (UCSB),Fastball,Fly Out,90.8,2217.6,81.6,30.8,97.20%
0-0,2,B. O'neill (HALL),J. Sundstrom (UCSB),Slider,Fly Out,81.8,2505.2,96.6,49.9,92.40%
0-0,0,B. O'neill (HALL),J. Sebring (UCSB),Fastball,Single on a Ground Ball,91,2132.8,105,-1.5,97.00%
2-2,1,B. O'neill (HALL),Z. Darby (UCSB),Curveball,Hit By Pitch,84.2,2407,16.9,-0.8,0.00%
2-2,1,B. O'neill (HALL),C. Kirtley (UCSB),Fastball,Single on a Line Drive,91.8,2317.6,97.1,6.8,97.00%
0-1,1,B. O'neill (HALL),J. Newman jr. (UCSB),Slider,Fly Out,81.9,2437.6,85.8,31.3,98.60%
1-1,2,B. O'neill (HALL),A. Parker (UCSB),Fastball,Double on a Line Drive,92.6,2217.9,101.3,19.9,96.50%
3-2,2,B. O'neill (HALL),J. Sundstrom (UCSB),Slider,Ground Out,83.7,2548,99.5,-1.1,98.70%
2-1,1,B. O'neill (HALL),Z. Darby (UCSB),Slider,Single on a Ground Ball,82.5,2413.2,76.8,-5.3,97.40%
1-0,1,B. O'neill (HALL),C. Kirtley (UCSB),Fastball,Fielder's Choice,91.3,2150.7,78.4,9.5,82.70%
1-2,1,B. O'neill (HALL),I. Brethowr (UCSB),Fastball,Fly Out,92.6,2273.1,105.1,28.3,93.00%
0-0,1,N. Payero (HALL),Z. Darby (UCSB),Splitter,Pop Out,78.5,754.5,64.8,46.5,59.70%
0-0,2,N. Payero (HALL),A. Parker (UCSB),Fastball,Double on a Line Drive,87.6,2018.7,103.2,13.6,98.90%
0-0,0,M. Gillen (HALL),J. Sebring (UCSB),Sinker,Ground Out,88.6,2192,65.5,-11.1,80.70%
0-0,1,M. Gillen (HALL),Z. Darby (UCSB),Sinker,Triple on a Line Drive,89.4,2304,102.3,6.7,96.90%
2-1,2,M. Gillen (HALL),N. Oakley (UCSB),Sinker,Ground Out,88.1,2342,82.8,-9.5,39.10%
2-0,0,T. Kniskern (PEPP),I. Brethowr (UCSB),Fastball,Double on a Line Drive,86.8,2104.6,109.8,10.2,96.80%
0-0,0,T. Kniskern (PEPP),A. Parker (UCSB),Fastball,Fly Out,87.1,2085.9,86.3,56.7,98.10%
3-1,1,T. Kniskern (PEPP),C. Kirtley (UCSB),Fastball,Sac Fly,85.6,2065.1,100.5,43.2,97.50%
2-1,0,T. Kniskern (PEPP),J. Sebring (UCSB),Fastball,Single on a Ground Ball,87,2098.5,104.3,0.7,25.80%
0-0,0,T. Kniskern (PEPP),Z. Darby (UCSB),Fastball,Ground Out,87.4,2201.5,88.5,-18,72.40%
2-2,1,T. Kniskern (PEPP),L. Mccollum (UCSB),Fastball,Sac Fly,88.5,2125.5,93.8,17.7,19.40%
3-2,2,T. Kniskern (PEPP),C. Nunez (UCSB),Fastball,Fly Out,84.5,2071.9,93.6,28.9,83.90%
0-0,0,T. Kniskern (PEPP),I. Brethowr (UCSB),Fastball,Single on a Ground Ball,84.7,1983.5,109,-3.3,97.60%
2-0,0,T. Kniskern (PEPP),A. Parker (UCSB),Fastball,Single on a Line Drive,84.3,2018.9,103.7,15.5,94.00%
0-0,0,T. Kniskern (PEPP),J. Sebring (UCSB),Fastball,Fly Out,84.3,2038.5,107.3,21.5,96.00%
2-0,1,T. Kniskern (PEPP),Z. Darby (UCSB),Fastball,Fly Out,85.7,2102.1,104.6,33.6,97.80%
2-0,2,T. Kniskern (PEPP),J. Newman jr. (UCSB),Changeup,Single on a Ground Ball,83.9,2179.5,95.7,-0.2,98.60%
1-0,2,T. Kniskern (PEPP),J. Sundstrom (UCSB),Fastball,Double on a Fly Ball,86,1976.2,81.6,22.1,30.90%
2-1,2,T. Kniskern (PEPP),J. Sebring (UCSB),Fastball,Single on a Ground Ball,87.4,2043.5,107.7,4.5,98.70%
0-0,2,G. Nichols (PEPP),L. Mccollum (UCSB),Changeup,Single on a Ground Ball,82.9,2032.4,98.7,-1.6,96.80%
2-1,2,G. Nichols (PEPP),C. Nunez (UCSB),Fastball,Fly Out,85.1,2116.2,93.6,37.4,98.30%
1-0,0,G. Nichols (PEPP),I. Brethowr (UCSB),Fastball,Pop Out,84.4,2082,91,61.9,8.40%
2-2,1,G. Nichols (PEPP),A. Parker (UCSB),Curveball,Fly Out,70.3,2579.1,96.1,23.8,77.80%
1-0,0,N. Bonn (PEPP),J. Sebring (UCSB),Fastball,Single on a Line Drive,89.3,2074.3,104.1,5.4,36.00%
0-0,0,N. Bonn (PEPP),Z. Darby (UCSB),Sinker,Single on a Line Drive,87.8,2096.5,80,7.7,98.00%
0-1,0,N. Bonn (PEPP),L. Mccollum (UCSB),Curveball,Fielder's Choice,74.8,2269.4,76.9,-28.3,78.50%
3-2,1,N. Bonn (PEPP),C. Nunez (UCSB),Fastball,Single on a Line Drive,88.6,2049.9,95.3,5.8,96.40%
0-0,2,D. Stewart (PEPP),A. Parker (UCSB),Changeup,Pop Out,79.9,1935.6,82.5,47.7,74.80%
0-0,0,D. Stewart (PEPP),N. Oakley (UCSB),Changeup,Line Out,80.3,1919.8,90.7,6.1,37.20%
0-0,2,D. Stewart (PEPP),J. Williams (UCSB),Changeup,Pop Out,80.5,1899,74.9,50,82.70%
2-1,0,N. Boyle (XAV),Z. Darby (UCSB),Fastball,Fly Out,91.9,2560,98.9,33.5,96.00%
1-0,1,N. Boyle (XAV),A. Parker (UCSB),Fastball,Home Run on a 415.81 ft Fly Ball,90.6,2444.7,105.3,25.6,97.70%
1-0,2,N. Boyle (XAV),J. Williams (UCSB),Fastball,Home Run on a 416.38 ft Fly Ball,88.8,2536.7,106.5,23.1,98.60%
2-1,0,N. Boyle (XAV),J. Trimble (UCSB),Fastball,Home Run on a 425.17 ft Fly Ball,89.4,2589.5,104,24.1,57.00%
2-1,0,N. Boyle (XAV),C. Nunez (UCSB),Fastball,Fly Out,87.8,2507.6,87.8,50.3,20.50%
2-0,1,L. Bell (XAV),Z. Darby (UCSB),Fastball,Fly Out,89.3,2358,93.3,59.5,19.40%
1-1,2,L. Bell (XAV),A. Parker (UCSB),Slider,Fly Out,81.6,2761.7,100.1,38.1,70.40%
3-2,0,L. Bell (XAV),I. Brethowr (UCSB),Slider,Pop Out,84.6,2697.1,80.2,55.8,91.60%
0-0,1,L. Bell (XAV),N. Oakley (UCSB),Slider,Line Out,79.8,2803,97.4,6.1,95.50%
0-1,2,L. Bell (XAV),J. Trimble (UCSB),Curveball,Line Out,77.7,2891.2,108.2,19.2,95.00%
2-2,0,L. Bell (XAV),C. Nunez (UCSB),Slider,Ground Out,82.7,2621.6,64.9,-15.2,0.00%
0-0,1,L. Bell (XAV),Z. Darby (UCSB),Curveball,Fly Out,75.5,2892.6,89,42,95.90%
0-0,2,L. Bell (XAV),A. Parker (UCSB),Changeup,Ground Out,82.5,1695.5,89,-21.4,96.50%
0-1,0,L. Bell (XAV),I. Brethowr (UCSB),Fastball,Double on a Fly Ball,89.7,2488.5,91.9,32.4,97.90%
0-0,0,L. Bell (XAV),B. Mortensen (UCSB),Curveball,Fly Out,76.6,2843.2,96.9,41.9,98.70%
0-0,0,L. Bell (XAV),N. Oakley (UCSB),Changeup,Ground Out,83.3,1750.3,81.6,-8.7,98.60%
1-1,1,C. Bailey (XAV),A. Parker (UCSB),Slider,Fly Out,81.4,2840.7,98,49.8,97.00%
2-1,2,C. Bailey (XAV),I. Brethowr (UCSB),Changeup,Pop Out,84,1435.6,70.2,74.5,94.20%
1-2,0,B. Alazaus (XAV),A. Parker (UCSB),Changeup,Home Run on a 401.65 ft Fly Ball,65.3,1851.8,101.5,27.9,73.50%
0-1,0,B. Alazaus (XAV),Z. Darby (UCSB),Changeup,Pop Out,82.2,2052.1,84.9,77.8,81.80%
0-2,1,B. Alazaus (XAV),J. Sundstrom (UCSB),Splitter,Pop Out,84.2,2145.6,76.5,78.4,1.30%
2-1,0,B. Alazaus (XAV),I. Brethowr (UCSB),Changeup,Fly Out,82.4,1981.7,87.7,40.9,92.50%
0-1,1,B. Alazaus (XAV),C. Kirtley (UCSB),Fastball,Fly Out,84.1,2058.1,95.6,57.5,95.60%
0-0,2,B. Alazaus (XAV),L. Mosby (UCSB),Slider,Fly Out,76.1,1833.8,93,48.5,98.20%
1-0,0,B. Alazaus (XAV),A. Parker (UCSB),Changeup,Double on a Line Drive,82.5,2015.4,105.3,17,95.20%
1-0,0,B. Alazaus (XAV),N. Oakley (UCSB),Changeup,Fly Out,82.3,2013.1,93.5,44,97.30%
0-0,2,B. Alazaus (XAV),Z. Darby (UCSB),Changeup,Double on a Fly Ball,82.4,2092.1,65.8,25.5,6.50%
0-0,1,B. Alazaus (XAV),I. Brethowr (UCSB),Changeup,Fly Out,82.9,2140.9,85.4,43.7,98.80%
0-0,0,J. Kelly (XAV),L. Mosby (UCSB),Sinker,Line Out,87.6,2189.2,99,6.1,98.80%
2-1,1,J. Kelly (XAV),A. Parker (UCSB),Changeup,Double on a Line Drive,74.9,1169.5,89.4,14.2,67.50%
2-2,1,J. Kelly (XAV),N. Oakley (UCSB),Slider,Hit By Pitch,74.5,2298.3,52.4,-3.7,0.00%
1-1,1,J. Kelly (XAV),Z. Darby (UCSB),Sinker,Sac Fly,88.5,2035.3,90.9,32,92.80%
0-0,2,J. Kelly (XAV),J. Sundstrom (UCSB),Curveball,Fly Out,74.5,2290.6,96.1,45.3,62.60%
0-1,0,J. Kelly (XAV),C. Nunez (UCSB),Changeup,Ground Out,85.2,2091.2,101.8,-4.3,90.80%
0-1,1,J. Kelly (XAV),I. Brethowr (UCSB),Sinker,Ground Out,87.2,2179,85.2,-3.1,95.80%
0-0,0,J. Kelly (XAV),B. Mortensen (UCSB),Curveball,Ground Out,73.1,2216.2,88.7,-7.4,94.90%
2-1,1,J. Kelly (XAV),A. Parker (UCSB),Curveball,Fly Out,73.6,2253.5,96.4,23.6,97.70%
0-2,0,E. Bosacker (XAV),Z. Darby (UCSB),Slider,Hit By Pitch,83,2582.2,115,-19.4,0.00%
0-0,0,E. Bosacker (XAV),I. Brethowr (UCSB),Slider,Fly Out,81.5,2545.4,93.2,35.1,97.60%
3-2,0,E. Bosacker (XAV),C. Kirtley (UCSB),Slider,Ground Out,82.9,2507.2,69.6,-25.4,75.00%
3-2,2,E. Bosacker (XAV),L. Mccollum (UCSB),Slider,Single on a Ground Ball,82.7,2556.8,50.9,-58.8,96.90%
0-0,2,E. Bosacker (XAV),J. Newman jr. (UCSB),Slider,Line Out,80.3,2329.6,99.6,18.9,95.60%
2-2,0,E. Bosacker (XAV),C. Nunez (UCSB),Curveball,Ground Out,75,2435.3,76.3,1.8,90.60%
0-2,1,E. Bosacker (XAV),Z. Darby (UCSB),Fastball,Double on a Line Drive,90.9,2440.5,96.3,14.4,79.10%
3-1,1,E. Bosacker (XAV),I. Brethowr (UCSB),Slider,Ground Out,83.7,2505.5,70.9,-62.9,90.00%
2-2,0,E. Bosacker (XAV),B. Mortensen (UCSB),Fastball,Single on a Ground Ball,91.1,2335.1,89.7,0.6,92.20%
0-1,0,E. Bosacker (XAV),C. Kirtley (UCSB),Fastball,Fly Out,88.3,2195.4,91.8,57.3,96.70%
1-0,1,E. Bosacker (XAV),N. Oakley (UCSB),Slider,Fielder's Choice,77.7,2350.9,42,5.2,68.60%
0-0,0,E. Bosacker (XAV),C. Nunez (UCSB),Fastball,Ground Out,88.6,2274.2,75.6,2.9,66.80%
0-0,2,E. Bosacker (XAV),N. Oakley (UCSB),Curveball,Single on a Bunt Ground Ball,72.1,2281.9,38.6,-3.1,51.70%
1-2,0,J. Loer (XAV),J. Newman jr. (UCSB),Sinker,Double on a Fly Ball,90.8,2360.9,99.7,33,98.90%
0-2,2,J. Loer (XAV),Z. Darby (UCSB),Slider,Ground Out,78.9,2238.1,86,-8.8,4.40%
1-1,0,J. Loer (XAV),I. Brethowr (UCSB),Changeup,Double on a Line Drive,81.1,2017.1,109.2,10.4,98.10%
1-0,0,J. Loer (XAV),J. Williams (UCSB),Fastball,Bunt Ground Out,89.4,2197.1,28.6,4.4,1.10%
3-2,1,C. Schwaner (XAV),L. Mosby (UCSB),Sinker,Double Play,93.1,2339.4,89.7,-24,94.50%
0-1,2,C. Schwaner (XAV),I. Brethowr (UCSB),Slider,Fielder's Choice,82.4,2848.2,108.5,-1.6,97.00%
1-1,2,M. Grabmann (ORE),A. Parker (UCSB),Changeup,Ground Out,86.3,1878,91,-35.4,91.30%
2-2,0,M. Grabmann (ORE),L. Mccollum (UCSB),Slider,Ground Out,83.5,2192.1,85.6,-6.9,0.00%
0-2,1,M. Grabmann (ORE),Z. Darby (UCSB),Sinker,Sac Fly,87.8,2022.3,103.1,28.2,11.90%
1-0,0,J. Pace (ORE),I. Brethowr (UCSB),Slider,Ground Out,76.1,2363.1,75.3,3.5,74.90%
1-0,1,J. Pace (ORE),B. Mortensen (UCSB),Sinker,Hit By Pitch,90.3,2044.7,32,6.1,0.00%
2-2,1,J. Pace (ORE),J. Sundstrom (UCSB),Slider,Single on a Fly Ball,76,2396.3,76.6,31.8,96.70%
1-1,1,J. Pace (ORE),A. Parker (UCSB),Changeup,Ground Out,86.7,1833.7,72.4,-63.2,97.40%
3-2,0,J. Pace (ORE),J. Newman jr. (UCSB),Sinker,Ground Out,88.2,2001.6,101.9,-3.1,97.20%
1-1,1,J. Pace (ORE),C. Nunez (UCSB),Sinker,Single on a Ground Ball,89.2,1941.6,99,4.7,97.50%
0-1,1,J. Pace (ORE),J. Trimble (UCSB),Changeup,Home Run on a 416.13 ft Fly Ball,86.6,1706.2,107.4,31.6,97.10%
3-2,1,J. Pace (ORE),Z. Darby (UCSB),Sinker,Double on a Fly Ball,89.6,1909,88.1,24,95.30%
1-0,0,J. Pace (ORE),J. Sundstrom (UCSB),Slider,Double on a Line Drive,76.1,2342,100.5,10.4,97.60%
1-2,0,A. Anderson (ORE),C. Nunez (UCSB),Fastball,Line Out,88.9,2285.2,97.3,16.5,93.80%
0-1,0,A. Anderson (ORE),B. Mortensen (UCSB),Curveball,Double on a Line Drive,78.7,2411,103.7,14.2,95.00%
3-2,2,A. Anderson (ORE),L. Mccollum (UCSB),Curveball,Ground Out,78.6,2456,86.8,-5,98.90%
3-1,0,M. Dallas (ORE),J. Newman jr. (UCSB),Sinker,Ground Out,89.5,1898.1,86.8,-18.2,98.00%
0-1,1,M. Dallas (ORE),C. Nunez (UCSB),Changeup,Single on a Line Drive,79,1414,74.4,13.8,19.60%
0-1,2,M. Dallas (ORE),N. Oakley (UCSB),Slider,Ground Out,78.4,2287,58.2,-55.1,71.60%
3-2,0,M. Dallas (ORE),B. Mortensen (UCSB),Curveball,Ground Out,76.4,2192.5,88.9,-21.7,96.70%
1-2,1,J. Mollerus (ORE),J. Sundstrom (UCSB),Slider,Sac Fly,86.6,2624.5,103.1,40,31.50%
2-2,0,L. Uelmen (ORE),Z. Darby (UCSB),Slider,Ground Out,79,2058.1,67.3,-19.7,96.20%
0-0,1,L. Uelmen (ORE),I. Brethowr (UCSB),Sinker,Single on a Ground Ball,91.2,2411.6,107.5,-7.1,76.80%
1-2,0,L. Uelmen (ORE),L. Mccollum (UCSB),Curveball,Line Out,77.9,1971.5,95.7,16.6,89.70%
0-0,1,L. Uelmen (ORE),A. Parker (UCSB),Sinker,Home Run on a 393.43 ft Fly Ball,91.1,2179,96.5,27.1,62.20%
1-0,1,L. Uelmen (ORE),N. Oakley (UCSB),Sinker,Single on a Line Drive,90.5,2462.8,98.8,11.9,83.40%
1-2,1,L. Uelmen (ORE),C. Nunez (UCSB),Fastball,Fly Out,89.2,2435.4,89.4,51.6,6.00%
3-2,1,L. Uelmen (ORE),C. Kirtley (UCSB),Sinker,Fly Out,90.4,2394.3,98.1,25.2,98.20%
0-0,2,L. Uelmen (ORE),B. Mortensen (UCSB),Sinker,Fly Out,90.7,2279.6,83,37.3,81.50%
2-0,0,L. Uelmen (ORE),J. Sundstrom (UCSB),Sinker,Home Run on a 410.28 ft Fly Ball,88.1,2190,109.5,22.8,98.10%
0-0,0,L. Uelmen (ORE),L. Mccollum (UCSB),Sinker,Single on a Bunt Ground Ball,89.9,2280.1,22.7,-28.3,89.60%
2-1,0,L. Uelmen (ORE),A. Parker (UCSB),Sinker,Single on a Line Drive,89.3,2364.4,94.8,6.9,96.50%
0-0,1,L. Uelmen (ORE),C. Nunez (UCSB),Curveball,Single on a Line Drive,77.9,2120.1,91.5,19.9,97.30%
0-1,1,L. Uelmen (ORE),C. Kirtley (UCSB),Changeup,Double Play,80.7,1904.6,75.1,-23.4,97.70%
1-0,1,G. Grinsell (ORE),J. Sundstrom (UCSB),Fastball,Double on a Fly Ball,88.3,2169.4,107.5,21.9,55.70%
1-1,2,G. Grinsell (ORE),C. Nunez (UCSB),Fastball,Single on a Ground Ball,87.3,2152.6,95.2,2.3,86.90%
0-1,2,G. Grinsell (ORE),Z. Darby (UCSB),Fastball,Pop Out,87.6,2261.3,71.6,62.3,92.50%
1-0,0,G. Grinsell (ORE),I. Brethowr (UCSB),Changeup,Reached on Error on a Ground Ball,84.6,2036.3,93.6,-12.9,16.80%
2-0,2,T. Spoljaric (ORE),A. Parker (UCSB),Changeup,Ground Out,81.8,1916.6,104,1.9,97.50%
0-0,0,T. Spoljaric (ORE),N. Oakley (UCSB),Fastball,Ground Out,85.9,2264,100.4,1.3,97.80%
3-2,1,T. Spoljaric (ORE),C. Nunez (UCSB),Fastball,Single on a Ground Ball,86.2,2079.4,101.2,-0.8,97.60%
2-0,2,T. Spoljaric (ORE),I. Brethowr (UCSB),Fastball,Fielder's Choice,87.1,2175.3,98.1,-0.3,98.60%
3-1,0,G. Rogers (ORE),C. Kirtley (UCSB),Changeup,Home Run on a 411.00 ft Fly Ball,82.7,2001.5,105.5,26.9,97.90%
0-0,1,G. Rogers (ORE),J. Sundstrom (UCSB),Changeup,Home Run on a 402.40 ft Fly Ball,83.5,1959.6,103.5,37,96.40%
1-0,2,G. Rogers (ORE),A. Parker (UCSB),Changeup,Home Run on a 401.01 ft Fly Ball,81.5,2052.8,96.1,31.2,97.20%
1-1,2,G. Rogers (ORE),N. Oakley (UCSB),Slider,Single on a Ground Ball,74.1,2182.8,64.3,-4.1,71.80%
0-2,2,J. Jaha (ORE),C. Nunez (UCSB),Curveball,Fielder's Choice,71.4,1751.4,90.3,6.1,94.70%
1-1,0,J. Jaha (ORE),Z. Darby (UCSB),Changeup,Ground Out,86.5,1840,90,1.2,96.40%
1-1,1,J. Jaha (ORE),I. Brethowr (UCSB),Changeup,Ground Out,87.3,1878.8,106.2,4.9,4.30%
1-1,2,J. Stoffal (ORE),C. Kirtley (UCSB),Fastball,Pop Out,92.2,2014.6,90.3,67.4,97.70%
1-1,0,J. Stoffal (ORE),B. Mortensen (UCSB),Sinker,Fly Out,90,2038.7,102.9,22.9,98.10%
1-2,1,J. Stoffal (ORE),J. Newman jr. (UCSB),Slider,Fly Out,82.1,2130.1,84.3,21.5,93.60%
1-1,2,J. Stoffal (ORE),N. Oakley (UCSB),Changeup,Fly Out,82.9,1868.6,99.1,25.8,98.20%
0-0,0,J. Stoffal (ORE),L. Mccollum (UCSB),Fastball,Fly Out,91.9,2067.8,89.2,30.2,96.10%
1-2,1,J. Stoffal (ORE),J. Sebring (UCSB),Slider,Single on a Line Drive,82.6,2204.5,98.6,7.8,49.00%
2-2,1,J. Stoffal (ORE),C. Nunez (UCSB),Sinker,Line Out,91.5,1991,93,8.6,37.50%
2-0,2,J. Stoffal (ORE),Z. Darby (UCSB),Sinker,Home Run on a Fly Ball,92.4,2094.5,105,21.2,97.40%
0-0,2,J. Stoffal (ORE),I. Brethowr (UCSB),Sinker,Fly Out,93,2080.2,90,21.2,11.60%
0-1,0,L. Mercado (ORE),C. Kirtley (UCSB),Fastball,Single on a Line Drive,90.2,2387.4,105.7,10.5,97.10%
3-2,0,L. Mercado (ORE),B. Mortensen (UCSB),Curveball,Fly Out,72,2198.5,99.4,38.8,92.70%
0-0,2,L. Mercado (ORE),N. Oakley (UCSB),Fastball,Fly Out,90.4,2260.3,96.7,46.6,94.90%
1-1,0,L. Mercado (ORE),L. Mccollum (UCSB),Slider,Fly Out,75.4,2358.4,87.2,25.9,83.20%
1-1,1,L. Mercado (ORE),J. Sebring (UCSB),Curveball,Fly Out,73.4,2346,88,57.5,98.60%
2-2,0,L. Mercado (ORE),C. Kirtley (UCSB),Curveball,Ground Out,74.6,2320.5,83.4,-1.2,54.20%
2-2,1,L. Mercado (ORE),N. Oakley (UCSB),Curveball,Double Play,75.5,2335.2,89.4,-12.7,96.40%
2-2,0,L. Mercado (ORE),L. Mccollum (UCSB),Fastball,Ground Out,90.7,2433.8,100.2,-4.1,79.90%
1-1,1,L. Mercado (ORE),J. Sebring (UCSB),Curveball,Single on a Bunt Ground Ball,74.4,2341.1,26.2,-0.4,0.80%
1-0,1,L. Mercado (ORE),I. Brethowr (UCSB),Curveball,Home Run on a 400.77 ft Fly Ball,73.4,2298.5,108.6,26,93.70%
1-1,2,I. Umlandt (ORE),J. Newman jr. (UCSB),Changeup,Single on a Line Drive,84.6,2001.4,90.9,8.2,66.10%
0-1,2,I. Umlandt (ORE),N. Oakley (UCSB),Curveball,Fielder's Choice,74.1,2051.5,86.1,2.8,97.70%
3-0,2,D. Mcshane (ORE),C. Nunez (UCSB),Sinker,Single on a Ground Ball,85.7,2158.7,88.6,-10.1,94.50%
0-1,0,J. Hughes (ORE),I. Brethowr (UCSB),Fastball,Single on a Line Drive,87.9,2025.9,107.6,14.8,71.10%
2-0,2,J. Hughes (ORE),L. Mccollum (UCSB),Fastball,Line Out,87.5,2115.5,105.8,16.8,97.40%
0-1,0,A. Lattery (ORST),L. Mccollum (UCSB),Fastball,Fly Out,89.4,2294.1,97.8,25.4,97.00%
0-0,1,A. Lattery (ORST),Z. Darby (UCSB),Fastball,Single on a Ground Ball,90,2218.7,102.9,-1.3,99.10%
2-2,1,A. Lattery (ORST),I. Brethowr (UCSB),Fastball,Double on a Line Drive,89.5,2321.5,112.9,13.3,86.60%
0-0,0,A. Lattery (ORST),N. Oakley (UCSB),Fastball,Fly Out,87.6,2203.6,101.3,21.9,97.20%
1-0,1,A. Lattery (ORST),A. Parker (UCSB),Curveball,Single on a Ground Ball,77.9,2545,92.4,-7.1,98.30%
0-0,1,A. Lattery (ORST),C. Nunez (UCSB),Slider,Double Play,78.8,2540.4,68.9,-8.6,58.50%
1-1,0,A. Lattery (ORST),L. Mccollum (UCSB),Curveball,Ground Out,78.8,2589.1,62.4,-22,75.40%
2-2,1,A. Lattery (ORST),Z. Darby (UCSB),Curveball,Ground Out,77.1,2469,87.1,-39.4,2.80%
0-0,0,A. Lattery (ORST),L. Mosby (UCSB),Curveball,Fly Out,72.3,2538.6,85.5,42.6,86.10%
0-2,1,A. Lattery (ORST),N. Oakley (UCSB),Curveball,Ground Out,73.2,2472.6,31.9,-65.3,0.00%
1-0,2,A. Lattery (ORST),J. Sundstrom (UCSB),Fastball,Line Out,89.6,2276.8,107.7,16.1,98.90%
0-1,0,I. Lawson (ORST),A. Parker (UCSB),Fastball,Fly Out,91.7,2398.5,86.7,58.2,96.70%
3-1,0,I. Lawson (ORST),Z. Darby (UCSB),Sinker,Ground Out,91.1,2175.5,78.2,-25.6,13.40%
0-0,1,I. Lawson (ORST),I. Brethowr (UCSB),Curveball,Fly Out,80.4,2829.7,105.3,20.2,74.80%
3-2,0,N. Keljo (ORST),A. Parker (UCSB),Fastball,Reached on Error on a Ground Ball,92.9,2173.1,103.6,3.5,96.80%
0-0,0,N. Keljo (ORST),C. Nunez (UCSB),Changeup,Double Play,83.7,1932.3,87.6,0.9,97.70%
1-0,2,N. Keljo (ORST),Z. Darby (UCSB),Fastball,Ground Out,93.6,2097.4,43.5,8.2,36.70%
2-2,2,S. Malec (MINN),J. Newman jr. (UCSB),Sinker,Ground Out,91.2,2057.6,71.9,3.1,91.60%
3-2,0,S. Malec (MINN),B. Mortensen (UCSB),Sinker,Ground Out,89.5,1906.5,96.8,4.8,96.50%
0-0,1,S. Malec (MINN),I. Brethowr (UCSB),Curveball,Single on a Ground Ball,80.8,2624.7,105.4,3.1,98.20%
0-0,2,S. Malec (MINN),J. Sundstrom (UCSB),Sinker,Home Run on a 416.29 ft Fly Ball,90.5,2024.3,107.7,32.2,97.40%
2-2,2,S. Malec (MINN),C. Nunez (UCSB),Sinker,Single on a Ground Ball,91.2,2120.1,101.4,-5.9,96.60%
1-1,0,S. Malec (MINN),Z. Darby (UCSB),Slider,Ground Out,78.7,2402,72.4,-5.7,84.00%
1-2,1,S. Malec (MINN),J. Newman jr. (UCSB),Slider,Single on a Line Drive,82.2,2744.3,101.2,13.3,96.60%
3-2,1,S. Malec (MINN),B. Mortensen (UCSB),Sinker,Fly Out,89.1,2037.5,90.3,27.8,94.50%
3-2,2,S. Malec (MINN),I. Brethowr (UCSB),Sinker,Single on a Ground Ball,90.1,2021.8,103.6,-3.9,80.60%
3-2,0,S. Malec (MINN),L. Mosby (UCSB),Sinker,Ground Out,89.2,2000,40.8,-14.1,0.00%
0-0,1,S. Malec (MINN),C. Nunez (UCSB),Changeup,Fly Out,86.9,1959.8,90.7,32,97.40%
0-0,0,S. Malec (MINN),Z. Darby (UCSB),Sinker,Triple on a Line Drive,88.5,1908,95.6,12.6,98.50%
0-2,0,S. Malec (MINN),J. Newman jr. (UCSB),Curveball,Ground Out,79.1,2586.8,42.6,-20.9,92.60%
1-1,1,S. Malec (MINN),B. Mortensen (UCSB),Sinker,Pop Out,89.5,2033.9,92.4,67,33.20%
3-1,0,N. Rooney (MINN),L. Mosby (UCSB),Fastball,Single on a Line Drive,90.6,1983.1,100.8,11,98.00%
2-2,0,N. Rooney (MINN),J. Sundstrom (UCSB),Curveball,Ground Out,77.6,2041.5,94.4,-7.6,98.30%
3-2,1,N. Rooney (MINN),C. Nunez (UCSB),Fastball,Triple on a Line Drive,88.4,1854.4,95.4,14.4,25.70%
2-1,2,N. Rooney (MINN),Z. Darby (UCSB),Curveball,Pop Out,77,1993.1,83.1,65,75.10%
0-1,0,N. Rooney (MINN),J. Newman jr. (UCSB),Changeup,Fly Out,84.1,1406.1,93,48.1,95.80%
1-0,1,N. Rooney (MINN),B. Mortensen (UCSB),Curveball,Fly Out,78.2,1931.7,96.6,34.8,81.80%
1-1,2,N. Rooney (MINN),I. Brethowr (UCSB),Fastball,Single on a Ground Ball,90.9,2137.9,103.2,4.6,91.80%
1-2,2,N. Rooney (MINN),N. Oakley (UCSB),Changeup,Reached on Error on a Ground Ball,81.5,1277.8,84.7,-22.1,86.30%
0-1,2,N. Rooney (MINN),L. Mosby (UCSB),Changeup,Triple on a Fly Ball,81.3,1521.4,101.2,32.4,89.60%
1-2,2,N. Rooney (MINN),J. Sundstrom (UCSB),Changeup,Pop Out,82.5,1472.6,83.6,69.7,0.00%
0-1,0,N. Rooney (MINN),C. Nunez (UCSB),Fastball,Single on a Ground Ball,89.4,1994.9,77.5,-68.7,97.30%
2-2,0,N. Rooney (MINN),L. Mccollum (UCSB),Changeup,Fielder's Choice,80.4,1396.4,84.2,-32.8,92.50%
0-0,1,N. Rooney (MINN),Z. Darby (UCSB),Fastball,Fly Out,87,1922.7,95.6,28.1,87.00%
1-0,2,N. Rooney (MINN),B. Mortensen (UCSB),Sinker,Double on a Line Drive,87.3,1888.2,102.9,13.3,97.90%
0-0,2,R. Dauman (MINN),I. Brethowr (UCSB),Changeup,Single on a Ground Ball,82.1,1733.4,101.1,3.9,98.00%
3-1,0,R. Dauman (MINN),J. Sundstrom (UCSB),Cutter,Ground Out,85.5,2241.9,54.1,-82,74.30%
0-0,1,R. Dauman (MINN),C. Nunez (UCSB),Fastball,Single on a Ground Ball,86.2,2284.4,90,-13,95.40%
3-0,1,M. Gurka (MINN),Z. Darby (UCSB),Fastball,Double on a Line Drive,90.2,1971.5,92.2,20,41.60%
0-1,1,M. Gurka (MINN),B. Mortensen (UCSB),Fastball,Sac Fly,89.9,1911,87.9,44.1,82.50%
0-1,2,M. Gurka (MINN),N. Oakley (UCSB),Fastball,Ground Out,90.1,1881.7,75.3,3.6,53.00%
1-0,1,T. Lively (UNM),Z. Darby (UCSB),Fastball,Line Out,91.9,2441.4,100,7.2,28.30%
0-2,0,T. Lively (UNM),B. Mortensen (UCSB),Curveball,Single on a Fly Ball,80.2,2763.7,85.6,25.2,97.20%
2-2,0,T. Lively (UNM),N. Oakley (UCSB),Fastball,Fielder's Choice,90.7,2414.6,96,-0.2,5.50%
0-2,2,T. Lively (UNM),L. Mccollum (UCSB),Slider,Double on a Line Drive,83.2,1777.2,95,10.6,69.20%
0-0,2,T. Lively (UNM),C. Kirtley (UCSB),Slider,Ground Out,81.7,2582.9,92.1,-4.5,86.00%
2-2,0,T. Lively (UNM),Z. Darby (UCSB),Curveball,Pop Out,79.2,2672.1,61.6,58.8,96.60%
0-0,2,T. Lively (UNM),B. Mortensen (UCSB),Curveball,Ground Out,79.4,2671.9,100.9,5,97.80%
1-1,0,T. Lively (UNM),N. Oakley (UCSB),Curveball,Fly Out,78.1,2620.7,95.9,26.4,97.20%
0-1,2,T. Lively (UNM),A. Parker (UCSB),Slider,Single on a Line Drive,81.1,2525.8,104.5,6.6,88.10%
2-2,2,T. Lively (UNM),C. Nunez (UCSB),Fastball,Single on a Ground Ball,89.4,2220.3,102.8,-6.5,96.70%
0-1,2,T. Lively (UNM),L. Mccollum (UCSB),Fastball,Fly Out,90.2,2371.4,93.1,28.6,52.30%
0-0,0,T. Lively (UNM),C. Kirtley (UCSB),Fastball,Fly Out,89.7,2319.2,95.9,49,92.60%
1-0,1,T. Lively (UNM),Z. Darby (UCSB),Curveball,Ground Out,78.2,2710.6,94.5,-25.7,98.40%
0-1,2,T. Lively (UNM),I. Brethowr (UCSB),Slider,Ground Out,82,2647.4,84.1,0.6,11.80%
0-0,0,T. Hudson (UNM),B. Mortensen (UCSB),Changeup,Home Run on a 405.17 ft Fly Ball,87.1,1867.9,107.1,22.8,96.60%
0-1,0,W. Bannister (UNM),C. Nunez (UCSB),Slider,Ground Out,84,2188.7,85.7,-26.2,97.70%
2-0,1,W. Bannister (UNM),L. Mccollum (UCSB),Fastball,Fly Out,89.7,2145.5,86.5,49.5,37.40%
3-2,2,W. Bannister (UNM),C. Kirtley (UCSB),Fastball,Fly Out,90.2,2163,95.1,26.5,89.90%
0-2,0,W. Bannister (UNM),Z. Darby (UCSB),Slider,Single on a Ground Ball,84.6,2232.5,86.8,3.1,95.10%
0-0,0,W. Bannister (UNM),I. Brethowr (UCSB),Slider,Fly Out,82.6,2152.3,93.5,58.9,31.70%
1-2,1,W. Bannister (UNM),B. Mortensen (UCSB),Slider,Pop Out,84.2,2108.6,95.4,60.1,78.30%
1-0,2,W. Bannister (UNM),N. Oakley (UCSB),Slider,Ground Out,81.5,2037.9,86.5,-36.1,85.50%
2-0,1,T. Novotny (MINN),C. Kirtley (UCSB),Sinker,Single on a Ground Ball,89.4,2115.5,69.9,-10.7,97.50%
1-1,1,T. Novotny (MINN),Z. Darby (UCSB),Sinker,Fielder's Choice,89.5,2178.9,75.8,-51.9,97.70%
3-2,2,T. Novotny (MINN),A. Parker (UCSB),Sinker,Fly Out,89.1,2014.5,92.8,31.1,92.50%
1-1,1,T. Novotny (MINN),L. Mccollum (UCSB),Sinker,Single on a Line Drive,90.4,2086.5,96.9,9.8,95.70%
3-1,0,T. Novotny (MINN),C. Kirtley (UCSB),Changeup,Fly Out,87.4,1885.1,90.1,52.4,97.50%
3-2,1,T. Novotny (MINN),Z. Darby (UCSB),Sinker,Ground Out,87.8,2038.5,97.1,-26.5,96.50%
2-0,2,T. Novotny (MINN),A. Parker (UCSB),Sinker,Fly Out,87.3,2013.1,102,27.3,97.40%
1-0,0,T. Novotny (MINN),J. Sebring (UCSB),Slider,Single on a Bunt Ground Ball,80.2,2088.2,15.9,-58.7,5.30%
1-1,0,T. Novotny (MINN),N. Oakley (UCSB),Sinker,Triple on a Line Drive,88.2,2051.8,89,12.5,27.50%
0-0,0,T. Novotny (MINN),C. Nunez (UCSB),Sinker,Ground Out,88,2026.2,87.6,-1.1,78.20%
3-1,2,N. Rooney (MINN),C. Kirtley (UCSB),Fastball,Pop Out,88.7,1994.6,92.6,64.5,97.20%
0-1,0,N. Rooney (MINN),Z. Darby (UCSB),Curveball,Single on a Line Drive,77.2,1835.5,99.7,8.1,97.60%
0-1,0,N. Rooney (MINN),A. Parker (UCSB),Changeup,Fly Out,81.8,1344.9,97.3,53.7,37.70%
0-1,1,N. Rooney (MINN),I. Brethowr (UCSB),Fastball,Double on a Line Drive,88.8,1959.6,99.9,15.7,94.90%
1-2,1,N. Rooney (MINN),L. Mccollum (UCSB),Fastball,Ground Out,90.1,1865.6,76.7,-51.7,46.70%
2-2,2,N. Rooney (MINN),J. Sebring (UCSB),Fastball,Single on a Ground Ball,90.3,2069.1,102.7,-23.8,94.60%
0-1,2,N. Rooney (MINN),N. Oakley (UCSB),Fastball,Ground Out,88.4,2065.2,86.3,-17.4,98.50%
3-1,1,R. Dauman (MINN),C. Kirtley (UCSB),Fastball,Fly Out,87.8,2339.1,87.6,28.8,87.80%
2-2,2,R. Dauman (MINN),Z. Darby (UCSB),Fastball,Fly Out,89,2349,90.4,22.9,97.90%
3-1,0,R. Dauman (MINN),A. Parker (UCSB),Fastball,Fly Out,86.2,2292.5,97.6,46.8,96.00%
1-2,1,R. Dauman (MINN),I. Brethowr (UCSB),Fastball,Home Run on a 403.03 ft Fly Ball,87.6,2391.9,104,20.7,96.10%
0-0,1,R. Dauman (MINN),L. Mccollum (UCSB),Slider,Single on a Bunt Ground Ball,79.7,2385,24.8,-2.8,93.30%
1-1,1,R. Dauman (MINN),J. Sebring (UCSB),Curveball,Fly Out,77.4,2325.7,98.5,20.2,96.90%
0-0,2,J. Hauser (MINN),N. Oakley (UCSB),Fastball,Double on a Line Drive,90.3,2532.8,103.4,17.3,97.50%
0-2,0,J. Hauser (MINN),J. Newman jr. (UCSB),Slider,Fly Out,84.7,2821.6,78.5,44.6,96.50%
1-1,1,J. Hauser (MINN),C. Kirtley (UCSB),Slider,Ground Out,84.6,2783.8,65.4,-8.2,25.80%
0-0,2,J. Hauser (MINN),Z. Darby (UCSB),Slider,Single on a Ground Ball,84.1,2770.7,99.1,-1.6,99.00%
1-2,2,J. Hauser (MINN),B. Mortensen (UCSB),Sinker,Reached on Error on a Fly Ball,89.9,2669.5,101,23.3,76.00%